CarParkID,Area,Development,Location,AvailableLots,LotType,Agency,Day,Hour,Charge
1,Marina,Suntec City,1.29375 103.85718,654,C,LTA,Monday,12:00 am,3.00
1,Marina,Suntec City,1.29375 103.85718,654,C,LTA,Monday,1:00 am,3.00
1,Marina,Suntec City,1.29375 103.85718,654,C,LTA,Monday,2:00 am,3.00
1,Marina,Suntec City,1.29375 103.85718,654,C,LTA,Monday,3:00 am,3.00
1,Marina,Suntec City,1.29375 103.85718,654,C,LTA,Monday,4:00 am,2.60
1,Marina,Suntec City,1.29375 103.85718,654,C,LTA,Monday,5:00 am,2.60
1,Marina,Suntec City,1.29375 103.85718,654,C,LTA,Monday,6:00 am,2.60
1,Marina,Suntec City,1.29375 103.85718,654,C,LTA,Monday,7:00 am,2.60
1,Marina,Suntec City,1.29375 103.85718,654,C,LTA,Monday,8:00 am,2.60
1,Marina,Suntec City,1.29375 103.85718,654,C,LTA,Monday,9:00 am,2.60
1,Marina,Suntec City,1.29375 103.85718,654,C,LTA,Monday,10:00 am,2.60
1,Marina,Suntec City,1.29375 103.85718,654,C,LTA,Monday,11:00 am,2.60
1,Marina,Suntec City,1.29375 103.85718,654,C,LTA,Monday,12:00 pm,2.60
1,Marina,Suntec City,1.29375 103.85718,654,C,LTA,Monday,1:00 pm,2.60
1,Marina,Suntec City,1.29375 103.85718,654,C,LTA,Monday,2:00 pm,2.60
1,Marina,Suntec City,1.29375 103.85718,654,C,LTA,Monday,3:00 pm,2.60
1,Marina,Suntec City,1.29375 103.85718,654,C,LTA,Monday,4:00 pm,2.60
1,Marina,Suntec City,1.29375 103.85718,654,C,LTA,Monday,5:00 pm,3.00
1,Marina,Suntec City,1.29375 103.85718,654,C,LTA,Monday,6:00 pm,3.00
1,Marina,Suntec City,1.29375 103.85718,654,C,LTA,Monday,7:00 pm,3.00
1,Marina,Suntec City,1.29375 103.85718,654,C,LTA,Monday,8:00 pm,3.00
1,Marina,Suntec City,1.29375 103.85718,654,C,LTA,Monday,9:00 pm,3.00
1,Marina,Suntec City,1.29375 103.85718,654,C,LTA,Monday,10:00 pm,3.00
1,Marina,Suntec City,1.29375 103.85718,654,C,LTA,Monday,11:00 pm,3.00
1,Marina,Suntec City,1.29375 103.85718,654,C,LTA,Tuesday,12:00 am,3.00
1,Marina,Suntec City,1.29375 103.85718,654,C,LTA,Tuesday,1:00 am,3.00
1,Marina,Suntec City,1.29375 103.85718,654,C,LTA,Tuesday,2:00 am,3.00
1,Marina,Suntec City,1.29375 103.85718,654,C,LTA,Tuesday,3:00 am,3.00
1,Marina,Suntec City,1.29375 103.85718,654,C,LTA,Tuesday,4:00 am,2.60
1,Marina,Suntec City,1.29375 103.85718,654,C,LTA,Tuesday,5:00 am,2.60
1,Marina,Suntec City,1.29375 103.85718,654,C,LTA,Tuesday,6:00 am,2.60
1,Marina,Suntec City,1.29375 103.85718,654,C,LTA,Tuesday,7:00 am,2.60
1,Marina,Suntec City,1.29375 103.85718,654,C,LTA,Tuesday,8:00 am,2.60
1,Marina,Suntec City,1.29375 103.85718,654,C,LTA,Tuesday,9:00 am,2.60
1,Marina,Suntec City,1.29375 103.85718,654,C,LTA,Tuesday,10:00 am,2.60
1,Marina,Suntec City,1.29375 103.85718,654,C,LTA,Tuesday,11:00 am,2.60
1,Marina,Suntec City,1.29375 103.85718,654,C,LTA,Tuesday,12:00 pm,2.60
1,Marina,Suntec City,1.29375 103.85718,654,C,LTA,Tuesday,1:00 pm,2.60
1,Marina,Suntec City,1.29375 103.85718,654,C,LTA,Tuesday,2:00 pm,2.60
1,Marina,Suntec City,1.29375 103.85718,654,C,LTA,Tuesday,3:00 pm,2.60
1,Marina,Suntec City,1.29375 103.85718,654,C,LTA,Tuesday,4:00 pm,2.60
1,Marina,Suntec City,1.29375 103.85718,654,C,LTA,Tuesday,5:00 pm,2.60
1,Marina,Suntec City,1.29375 103.85718,654,C,LTA,Tuesday,6:00 pm,3.00
1,Marina,Suntec City,1.29375 103.85718,654,C,LTA,Tuesday,7:00 pm,3.00
1,Marina,Suntec City,1.29375 103.85718,654,C,LTA,Tuesday,8:00 pm,3.00
1,Marina,Suntec City,1.29375 103.85718,654,C,LTA,Tuesday,9:00 pm,3.00
1,Marina,Suntec City,1.29375 103.85718,654,C,LTA,Tuesday,10:00 pm,3.00
1,Marina,Suntec City,1.29375 103.85718,654,C,LTA,Tuesday,11:00 pm,3.00
1,Marina,Suntec City,1.29375 103.85718,654,C,LTA,Wednesday,12:00 am,3.00
1,Marina,Suntec City,1.29375 103.85718,654,C,LTA,Wednesday,1:00 am,3.00
1,Marina,Suntec City,1.29375 103.85718,654,C,LTA,Wednesday,2:00 am,3.00
1,Marina,Suntec City,1.29375 103.85718,654,C,LTA,Wednesday,3:00 am,3.00
1,Marina,Suntec City,1.29375 103.85718,654,C,LTA,Wednesday,4:00 am,3.00
1,Marina,Suntec City,1.29375 103.85718,654,C,LTA,Wednesday,5:00 am,3.00
1,Marina,Suntec City,1.29375 103.85718,654,C,LTA,Wednesday,6:00 am,3.00
1,Marina,Suntec City,1.29375 103.85718,654,C,LTA,Wednesday,7:00 am,3.00
1,Marina,Suntec City,1.29375 103.85718,654,C,LTA,Wednesday,8:00 am,3.00
1,Marina,Suntec City,1.29375 103.85718,654,C,LTA,Wednesday,9:00 am,3.00
1,Marina,Suntec City,1.29375 103.85718,654,C,LTA,Wednesday,10:00 am,3.00
1,Marina,Suntec City,1.29375 103.85718,654,C,LTA,Wednesday,11:00 am,3.00
1,Marina,Suntec City,1.29375 103.85718,654,C,LTA,Wednesday,12:00 pm,3.00
1,Marina,Suntec City,1.29375 103.85718,654,C,LTA,Wednesday,1:00 pm,3.00
1,Marina,Suntec City,1.29375 103.85718,654,C,LTA,Wednesday,2:00 pm,3.00
1,Marina,Suntec City,1.29375 103.85718,654,C,LTA,Wednesday,3:00 pm,3.00
1,Marina,Suntec City,1.29375 103.85718,654,C,LTA,Wednesday,4:00 pm,3.00
1,Marina,Suntec City,1.29375 103.85718,654,C,LTA,Wednesday,5:00 pm,3.00
1,Marina,Suntec City,1.29375 103.85718,654,C,LTA,Wednesday,6:00 pm,3.00
1,Marina,Suntec City,1.29375 103.85718,654,C,LTA,Wednesday,7:00 pm,3.00
1,Marina,Suntec City,1.29375 103.85718,654,C,LTA,Wednesday,8:00 pm,3.00
1,Marina,Suntec City,1.29375 103.85718,654,C,LTA,Wednesday,9:00 pm,3.00
1,Marina,Suntec City,1.29375 103.85718,654,C,LTA,Wednesday,10:00 pm,3.00
1,Marina,Suntec City,1.29375 103.85718,654,C,LTA,Wednesday,11:00 pm,3.00
1,Marina,Suntec City,1.29375 103.85718,654,C,LTA,Thursday,12:00 am,3.00
1,Marina,Suntec City,1.29375 103.85718,654,C,LTA,Thursday,1:00 am,3.00
1,Marina,Suntec City,1.29375 103.85718,654,C,LTA,Thursday,2:00 am,3.00
1,Marina,Suntec City,1.29375 103.85718,654,C,LTA,Thursday,3:00 am,3.00
1,Marina,Suntec City,1.29375 103.85718,654,C,LTA,Thursday,4:00 am,3.00
1,Marina,Suntec City,1.29375 103.85718,654,C,LTA,Thursday,5:00 am,3.00
1,Marina,Suntec City,1.29375 103.85718,654,C,LTA,Thursday,6:00 am,3.00
1,Marina,Suntec City,1.29375 103.85718,654,C,LTA,Thursday,7:00 am,3.00
1,Marina,Suntec City,1.29375 103.85718,654,C,LTA,Thursday,8:00 am,3.00
1,Marina,Suntec City,1.29375 103.85718,654,C,LTA,Thursday,9:00 am,3.00
1,Marina,Suntec City,1.29375 103.85718,654,C,LTA,Thursday,10:00 am,3.00
1,Marina,Suntec City,1.29375 103.85718,654,C,LTA,Thursday,11:00 am,3.00
1,Marina,Suntec City,1.29375 103.85718,654,C,LTA,Thursday,12:00 pm,3.00
1,Marina,Suntec City,1.29375 103.85718,654,C,LTA,Thursday,1:00 pm,3.00
1,Marina,Suntec City,1.29375 103.85718,654,C,LTA,Thursday,2:00 pm,3.00
1,Marina,Suntec City,1.29375 103.85718,654,C,LTA,Thursday,3:00 pm,3.00
1,Marina,Suntec City,1.29375 103.85718,654,C,LTA,Thursday,4:00 pm,3.00
1,Marina,Suntec City,1.29375 103.85718,654,C,LTA,Thursday,5:00 pm,3.00
1,Marina,Suntec City,1.29375 103.85718,654,C,LTA,Thursday,6:00 pm,3.00
1,Marina,Suntec City,1.29375 103.85718,654,C,LTA,Thursday,7:00 pm,3.00
1,Marina,Suntec City,1.29375 103.85718,654,C,LTA,Thursday,8:00 pm,3.00
1,Marina,Suntec City,1.29375 103.85718,654,C,LTA,Thursday,9:00 pm,3.00
1,Marina,Suntec City,1.29375 103.85718,654,C,LTA,Thursday,10:00 pm,3.00
1,Marina,Suntec City,1.29375 103.85718,654,C,LTA,Thursday,11:00 pm,3.00
1,Marina,Suntec City,1.29375 103.85718,654,C,LTA,Friday,12:00 am,2.60
1,Marina,Suntec City,1.29375 103.85718,654,C,LTA,Friday,1:00 am,2.60
1,Marina,Suntec City,1.29375 103.85718,654,C,LTA,Friday,2:00 am,2.60
1,Marina,Suntec City,1.29375 103.85718,654,C,LTA,Friday,3:00 am,2.60
1,Marina,Suntec City,1.29375 103.85718,654,C,LTA,Friday,4:00 am,2.60
1,Marina,Suntec City,1.29375 103.85718,654,C,LTA,Friday,5:00 am,2.60
1,Marina,Suntec City,1.29375 103.85718,654,C,LTA,Friday,6:00 am,2.60
1,Marina,Suntec City,1.29375 103.85718,654,C,LTA,Friday,7:00 am,2.60
1,Marina,Suntec City,1.29375 103.85718,654,C,LTA,Friday,8:00 am,2.60
1,Marina,Suntec City,1.29375 103.85718,654,C,LTA,Friday,9:00 am,2.60
1,Marina,Suntec City,1.29375 103.85718,654,C,LTA,Friday,10:00 am,2.60
1,Marina,Suntec City,1.29375 103.85718,654,C,LTA,Friday,11:00 am,2.60
1,Marina,Suntec City,1.29375 103.85718,654,C,LTA,Friday,12:00 pm,2.60
1,Marina,Suntec City,1.29375 103.85718,654,C,LTA,Friday,1:00 pm,2.60
1,Marina,Suntec City,1.29375 103.85718,654,C,LTA,Friday,2:00 pm,2.60
1,Marina,Suntec City,1.29375 103.85718,654,C,LTA,Friday,3:00 pm,2.60
1,Marina,Suntec City,1.29375 103.85718,654,C,LTA,Friday,4:00 pm,2.60
1,Marina,Suntec City,1.29375 103.85718,654,C,LTA,Friday,5:00 pm,2.60
1,Marina,Suntec City,1.29375 103.85718,654,C,LTA,Friday,6:00 pm,2.60
1,Marina,Suntec City,1.29375 103.85718,654,C,LTA,Friday,7:00 pm,2.60
1,Marina,Suntec City,1.29375 103.85718,654,C,LTA,Friday,8:00 pm,2.60
1,Marina,Suntec City,1.29375 103.85718,654,C,LTA,Friday,9:00 pm,2.60
1,Marina,Suntec City,1.29375 103.85718,654,C,LTA,Friday,10:00 pm,2.60
1,Marina,Suntec City,1.29375 103.85718,654,C,LTA,Friday,11:00 pm,2.60
1,Marina,Suntec City,1.29375 103.85718,654,C,LTA,Saturday,12:00 am,2.60
1,Marina,Suntec City,1.29375 103.85718,654,C,LTA,Saturday,1:00 am,2.60
1,Marina,Suntec City,1.29375 103.85718,654,C,LTA,Saturday,2:00 am,2.60
1,Marina,Suntec City,1.29375 103.85718,654,C,LTA,Saturday,3:00 am,2.60
1,Marina,Suntec City,1.29375 103.85718,654,C,LTA,Saturday,4:00 am,2.60
1,Marina,Suntec City,1.29375 103.85718,654,C,LTA,Saturday,5:00 am,2.60
1,Marina,Suntec City,1.29375 103.85718,654,C,LTA,Saturday,6:00 am,2.60
1,Marina,Suntec City,1.29375 103.85718,654,C,LTA,Saturday,7:00 am,2.60
1,Marina,Suntec City,1.29375 103.85718,654,C,LTA,Saturday,8:00 am,2.60
1,Marina,Suntec City,1.29375 103.85718,654,C,LTA,Saturday,9:00 am,2.60
1,Marina,Suntec City,1.29375 103.85718,654,C,LTA,Saturday,10:00 am,2.60
1,Marina,Suntec City,1.29375 103.85718,654,C,LTA,Saturday,11:00 am,2.60
1,Marina,Suntec City,1.29375 103.85718,654,C,LTA,Saturday,12:00 pm,2.60
1,Marina,Suntec City,1.29375 103.85718,654,C,LTA,Saturday,1:00 pm,2.60
1,Marina,Suntec City,1.29375 103.85718,654,C,LTA,Saturday,2:00 pm,2.60
1,Marina,Suntec City,1.29375 103.85718,654,C,LTA,Saturday,3:00 pm,2.60
1,Marina,Suntec City,1.29375 103.85718,654,C,LTA,Saturday,4:00 pm,2.60
1,Marina,Suntec City,1.29375 103.85718,654,C,LTA,Saturday,5:00 pm,2.60
1,Marina,Suntec City,1.29375 103.85718,654,C,LTA,Saturday,6:00 pm,2.60
1,Marina,Suntec City,1.29375 103.85718,654,C,LTA,Saturday,7:00 pm,2.60
1,Marina,Suntec City,1.29375 103.85718,654,C,LTA,Saturday,8:00 pm,2.60
1,Marina,Suntec City,1.29375 103.85718,654,C,LTA,Saturday,9:00 pm,2.60
1,Marina,Suntec City,1.29375 103.85718,654,C,LTA,Saturday,10:00 pm,2.60
1,Marina,Suntec City,1.29375 103.85718,654,C,LTA,Saturday,11:00 pm,2.60
1,Marina,Suntec City,1.29375 103.85718,654,C,LTA,Sunday,12:00 am,2.60
1,Marina,Suntec City,1.29375 103.85718,654,C,LTA,Sunday,1:00 am,2.60
1,Marina,Suntec City,1.29375 103.85718,654,C,LTA,Sunday,2:00 am,2.60
1,Marina,Suntec City,1.29375 103.85718,654,C,LTA,Sunday,3:00 am,2.60
1,Marina,Suntec City,1.29375 103.85718,654,C,LTA,Sunday,4:00 am,2.60
1,Marina,Suntec City,1.29375 103.85718,654,C,LTA,Sunday,5:00 am,2.60
1,Marina,Suntec City,1.29375 103.85718,654,C,LTA,Sunday,6:00 am,2.60
1,Marina,Suntec City,1.29375 103.85718,654,C,LTA,Sunday,7:00 am,2.60
1,Marina,Suntec City,1.29375 103.85718,654,C,LTA,Sunday,8:00 am,2.60
1,Marina,Suntec City,1.29375 103.85718,654,C,LTA,Sunday,9:00 am,2.60
1,Marina,Suntec City,1.29375 103.85718,654,C,LTA,Sunday,10:00 am,2.60
1,Marina,Suntec City,1.29375 103.85718,654,C,LTA,Sunday,11:00 am,2.60
1,Marina,Suntec City,1.29375 103.85718,654,C,LTA,Sunday,12:00 pm,2.60
1,Marina,Suntec City,1.29375 103.85718,654,C,LTA,Sunday,1:00 pm,2.60
1,Marina,Suntec City,1.29375 103.85718,654,C,LTA,Sunday,2:00 pm,2.60
1,Marina,Suntec City,1.29375 103.85718,654,C,LTA,Sunday,3:00 pm,2.60
1,Marina,Suntec City,1.29375 103.85718,654,C,LTA,Sunday,4:00 pm,2.60
1,Marina,Suntec City,1.29375 103.85718,654,C,LTA,Sunday,5:00 pm,2.60
1,Marina,Suntec City,1.29375 103.85718,654,C,LTA,Sunday,6:00 pm,2.60
1,Marina,Suntec City,1.29375 103.85718,654,C,LTA,Sunday,7:00 pm,2.60
1,Marina,Suntec City,1.29375 103.85718,654,C,LTA,Sunday,8:00 pm,2.60
1,Marina,Suntec City,1.29375 103.85718,654,C,LTA,Sunday,9:00 pm,2.60
1,Marina,Suntec City,1.29375 103.85718,654,C,LTA,Sunday,10:00 pm,2.60
1,Marina,Suntec City,1.29375 103.85718,654,C,LTA,Sunday,11:00 pm,2.60
2,Marina,Marina Square,1.29115 103.85728,1040,C,LTA,Monday,12:00 am,2.24
2,Marina,Marina Square,1.29115 103.85728,1040,C,LTA,Monday,1:00 am,2.24
2,Marina,Marina Square,1.29115 103.85728,1040,C,LTA,Monday,2:00 am,2.24
2,Marina,Marina Square,1.29115 103.85728,1040,C,LTA,Monday,3:00 am,2.24
2,Marina,Marina Square,1.29115 103.85728,1040,C,LTA,Monday,4:00 am,2.24
2,Marina,Marina Square,1.29115 103.85728,1040,C,LTA,Monday,5:00 am,2.24
2,Marina,Marina Square,1.29115 103.85728,1040,C,LTA,Monday,6:00 am,2.24
2,Marina,Marina Square,1.29115 103.85728,1040,C,LTA,Monday,7:00 am,3.27
2,Marina,Marina Square,1.29115 103.85728,1040,C,LTA,Monday,8:00 am,3.27
2,Marina,Marina Square,1.29115 103.85728,1040,C,LTA,Monday,9:00 am,3.27
2,Marina,Marina Square,1.29115 103.85728,1040,C,LTA,Monday,10:00 am,3.27
2,Marina,Marina Square,1.29115 103.85728,1040,C,LTA,Monday,11:00 am,3.27
2,Marina,Marina Square,1.29115 103.85728,1040,C,LTA,Monday,12:00 pm,3.27
2,Marina,Marina Square,1.29115 103.85728,1040,C,LTA,Monday,1:00 pm,3.27
2,Marina,Marina Square,1.29115 103.85728,1040,C,LTA,Monday,2:00 pm,3.27
2,Marina,Marina Square,1.29115 103.85728,1040,C,LTA,Monday,3:00 pm,3.27
2,Marina,Marina Square,1.29115 103.85728,1040,C,LTA,Monday,4:00 pm,3.27
2,Marina,Marina Square,1.29115 103.85728,1040,C,LTA,Monday,5:00 pm,2.25
2,Marina,Marina Square,1.29115 103.85728,1040,C,LTA,Monday,6:00 pm,2.25
2,Marina,Marina Square,1.29115 103.85728,1040,C,LTA,Monday,7:00 pm,2.25
2,Marina,Marina Square,1.29115 103.85728,1040,C,LTA,Monday,8:00 pm,2.25
2,Marina,Marina Square,1.29115 103.85728,1040,C,LTA,Monday,9:00 pm,2.25
2,Marina,Marina Square,1.29115 103.85728,1040,C,LTA,Monday,10:00 pm,2.25
2,Marina,Marina Square,1.29115 103.85728,1040,C,LTA,Monday,11:00 pm,2.25
2,Marina,Marina Square,1.29115 103.85728,1040,C,LTA,Tuesday,12:00 am,2.24
2,Marina,Marina Square,1.29115 103.85728,1040,C,LTA,Tuesday,1:00 am,2.24
2,Marina,Marina Square,1.29115 103.85728,1040,C,LTA,Tuesday,2:00 am,2.24
2,Marina,Marina Square,1.29115 103.85728,1040,C,LTA,Tuesday,3:00 am,2.24
2,Marina,Marina Square,1.29115 103.85728,1040,C,LTA,Tuesday,4:00 am,2.24
2,Marina,Marina Square,1.29115 103.85728,1040,C,LTA,Tuesday,5:00 am,2.24
2,Marina,Marina Square,1.29115 103.85728,1040,C,LTA,Tuesday,6:00 am,2.24
2,Marina,Marina Square,1.29115 103.85728,1040,C,LTA,Tuesday,7:00 am,3.27
2,Marina,Marina Square,1.29115 103.85728,1040,C,LTA,Tuesday,8:00 am,3.27
2,Marina,Marina Square,1.29115 103.85728,1040,C,LTA,Tuesday,9:00 am,3.27
2,Marina,Marina Square,1.29115 103.85728,1040,C,LTA,Tuesday,10:00 am,3.27
2,Marina,Marina Square,1.29115 103.85728,1040,C,LTA,Tuesday,11:00 am,3.27
2,Marina,Marina Square,1.29115 103.85728,1040,C,LTA,Tuesday,12:00 pm,3.27
2,Marina,Marina Square,1.29115 103.85728,1040,C,LTA,Tuesday,1:00 pm,3.27
2,Marina,Marina Square,1.29115 103.85728,1040,C,LTA,Tuesday,2:00 pm,3.27
2,Marina,Marina Square,1.29115 103.85728,1040,C,LTA,Tuesday,3:00 pm,3.27
2,Marina,Marina Square,1.29115 103.85728,1040,C,LTA,Tuesday,4:00 pm,3.27
2,Marina,Marina Square,1.29115 103.85728,1040,C,LTA,Tuesday,5:00 pm,3.27
2,Marina,Marina Square,1.29115 103.85728,1040,C,LTA,Tuesday,6:00 pm,2.25
2,Marina,Marina Square,1.29115 103.85728,1040,C,LTA,Tuesday,7:00 pm,2.25
2,Marina,Marina Square,1.29115 103.85728,1040,C,LTA,Tuesday,8:00 pm,2.25
2,Marina,Marina Square,1.29115 103.85728,1040,C,LTA,Tuesday,9:00 pm,2.25
2,Marina,Marina Square,1.29115 103.85728,1040,C,LTA,Tuesday,10:00 pm,2.25
2,Marina,Marina Square,1.29115 103.85728,1040,C,LTA,Tuesday,11:00 pm,2.25
2,Marina,Marina Square,1.29115 103.85728,1040,C,LTA,Wednesday,12:00 am,2.24
2,Marina,Marina Square,1.29115 103.85728,1040,C,LTA,Wednesday,1:00 am,2.24
2,Marina,Marina Square,1.29115 103.85728,1040,C,LTA,Wednesday,2:00 am,2.24
2,Marina,Marina Square,1.29115 103.85728,1040,C,LTA,Wednesday,3:00 am,2.24
2,Marina,Marina Square,1.29115 103.85728,1040,C,LTA,Wednesday,4:00 am,2.24
2,Marina,Marina Square,1.29115 103.85728,1040,C,LTA,Wednesday,5:00 am,2.24
2,Marina,Marina Square,1.29115 103.85728,1040,C,LTA,Wednesday,6:00 am,2.24
2,Marina,Marina Square,1.29115 103.85728,1040,C,LTA,Wednesday,7:00 am,2.24
2,Marina,Marina Square,1.29115 103.85728,1040,C,LTA,Wednesday,8:00 am,2.24
2,Marina,Marina Square,1.29115 103.85728,1040,C,LTA,Wednesday,9:00 am,2.24
2,Marina,Marina Square,1.29115 103.85728,1040,C,LTA,Wednesday,10:00 am,2.24
2,Marina,Marina Square,1.29115 103.85728,1040,C,LTA,Wednesday,11:00 am,2.24
2,Marina,Marina Square,1.29115 103.85728,1040,C,LTA,Wednesday,12:00 pm,2.24
2,Marina,Marina Square,1.29115 103.85728,1040,C,LTA,Wednesday,1:00 pm,2.24
2,Marina,Marina Square,1.29115 103.85728,1040,C,LTA,Wednesday,2:00 pm,2.24
2,Marina,Marina Square,1.29115 103.85728,1040,C,LTA,Wednesday,3:00 pm,2.24
2,Marina,Marina Square,1.29115 103.85728,1040,C,LTA,Wednesday,4:00 pm,2.24
2,Marina,Marina Square,1.29115 103.85728,1040,C,LTA,Wednesday,5:00 pm,2.24
2,Marina,Marina Square,1.29115 103.85728,1040,C,LTA,Wednesday,6:00 pm,2.24
2,Marina,Marina Square,1.29115 103.85728,1040,C,LTA,Wednesday,7:00 pm,2.24
2,Marina,Marina Square,1.29115 103.85728,1040,C,LTA,Wednesday,8:00 pm,2.24
2,Marina,Marina Square,1.29115 103.85728,1040,C,LTA,Wednesday,9:00 pm,2.24
2,Marina,Marina Square,1.29115 103.85728,1040,C,LTA,Wednesday,10:00 pm,2.24
2,Marina,Marina Square,1.29115 103.85728,1040,C,LTA,Wednesday,11:00 pm,2.24
2,Marina,Marina Square,1.29115 103.85728,1040,C,LTA,Thursday,12:00 am,2.24
2,Marina,Marina Square,1.29115 103.85728,1040,C,LTA,Thursday,1:00 am,2.24
2,Marina,Marina Square,1.29115 103.85728,1040,C,LTA,Thursday,2:00 am,2.24
2,Marina,Marina Square,1.29115 103.85728,1040,C,LTA,Thursday,3:00 am,2.24
2,Marina,Marina Square,1.29115 103.85728,1040,C,LTA,Thursday,4:00 am,2.24
2,Marina,Marina Square,1.29115 103.85728,1040,C,LTA,Thursday,5:00 am,2.24
2,Marina,Marina Square,1.29115 103.85728,1040,C,LTA,Thursday,6:00 am,2.24
2,Marina,Marina Square,1.29115 103.85728,1040,C,LTA,Thursday,7:00 am,2.24
2,Marina,Marina Square,1.29115 103.85728,1040,C,LTA,Thursday,8:00 am,2.24
2,Marina,Marina Square,1.29115 103.85728,1040,C,LTA,Thursday,9:00 am,2.24
2,Marina,Marina Square,1.29115 103.85728,1040,C,LTA,Thursday,10:00 am,2.24
2,Marina,Marina Square,1.29115 103.85728,1040,C,LTA,Thursday,11:00 am,2.24
2,Marina,Marina Square,1.29115 103.85728,1040,C,LTA,Thursday,12:00 pm,2.24
2,Marina,Marina Square,1.29115 103.85728,1040,C,LTA,Thursday,1:00 pm,2.24
2,Marina,Marina Square,1.29115 103.85728,1040,C,LTA,Thursday,2:00 pm,2.24
2,Marina,Marina Square,1.29115 103.85728,1040,C,LTA,Thursday,3:00 pm,2.24
2,Marina,Marina Square,1.29115 103.85728,1040,C,LTA,Thursday,4:00 pm,2.24
2,Marina,Marina Square,1.29115 103.85728,1040,C,LTA,Thursday,5:00 pm,2.24
2,Marina,Marina Square,1.29115 103.85728,1040,C,LTA,Thursday,6:00 pm,2.24
2,Marina,Marina Square,1.29115 103.85728,1040,C,LTA,Thursday,7:00 pm,2.24
2,Marina,Marina Square,1.29115 103.85728,1040,C,LTA,Thursday,8:00 pm,2.24
2,Marina,Marina Square,1.29115 103.85728,1040,C,LTA,Thursday,9:00 pm,2.24
2,Marina,Marina Square,1.29115 103.85728,1040,C,LTA,Thursday,10:00 pm,2.24
2,Marina,Marina Square,1.29115 103.85728,1040,C,LTA,Thursday,11:00 pm,2.24
2,Marina,Marina Square,1.29115 103.85728,1040,C,LTA,Friday,12:00 am,2.24
2,Marina,Marina Square,1.29115 103.85728,1040,C,LTA,Friday,1:00 am,2.24
2,Marina,Marina Square,1.29115 103.85728,1040,C,LTA,Friday,2:00 am,2.24
2,Marina,Marina Square,1.29115 103.85728,1040,C,LTA,Friday,3:00 am,2.24
2,Marina,Marina Square,1.29115 103.85728,1040,C,LTA,Friday,4:00 am,2.24
2,Marina,Marina Square,1.29115 103.85728,1040,C,LTA,Friday,5:00 am,2.24
2,Marina,Marina Square,1.29115 103.85728,1040,C,LTA,Friday,6:00 am,2.24
2,Marina,Marina Square,1.29115 103.85728,1040,C,LTA,Friday,7:00 am,2.44
2,Marina,Marina Square,1.29115 103.85728,1040,C,LTA,Friday,8:00 am,2.44
2,Marina,Marina Square,1.29115 103.85728,1040,C,LTA,Friday,9:00 am,2.44
2,Marina,Marina Square,1.29115 103.85728,1040,C,LTA,Friday,10:00 am,2.44
2,Marina,Marina Square,1.29115 103.85728,1040,C,LTA,Friday,11:00 am,2.44
2,Marina,Marina Square,1.29115 103.85728,1040,C,LTA,Friday,12:00 pm,2.44
2,Marina,Marina Square,1.29115 103.85728,1040,C,LTA,Friday,1:00 pm,2.44
2,Marina,Marina Square,1.29115 103.85728,1040,C,LTA,Friday,2:00 pm,2.44
2,Marina,Marina Square,1.29115 103.85728,1040,C,LTA,Friday,3:00 pm,2.44
2,Marina,Marina Square,1.29115 103.85728,1040,C,LTA,Friday,4:00 pm,2.44
2,Marina,Marina Square,1.29115 103.85728,1040,C,LTA,Friday,5:00 pm,2.44
2,Marina,Marina Square,1.29115 103.85728,1040,C,LTA,Friday,6:00 pm,2.44
2,Marina,Marina Square,1.29115 103.85728,1040,C,LTA,Friday,7:00 pm,2.44
2,Marina,Marina Square,1.29115 103.85728,1040,C,LTA,Friday,8:00 pm,2.44
2,Marina,Marina Square,1.29115 103.85728,1040,C,LTA,Friday,9:00 pm,2.44
2,Marina,Marina Square,1.29115 103.85728,1040,C,LTA,Friday,10:00 pm,2.44
2,Marina,Marina Square,1.29115 103.85728,1040,C,LTA,Friday,11:00 pm,2.44
2,Marina,Marina Square,1.29115 103.85728,1040,C,LTA,Saturday,12:00 am,2.44
2,Marina,Marina Square,1.29115 103.85728,1040,C,LTA,Saturday,1:00 am,2.44
2,Marina,Marina Square,1.29115 103.85728,1040,C,LTA,Saturday,2:00 am,2.44
2,Marina,Marina Square,1.29115 103.85728,1040,C,LTA,Saturday,3:00 am,2.24
2,Marina,Marina Square,1.29115 103.85728,1040,C,LTA,Saturday,4:00 am,2.24
2,Marina,Marina Square,1.29115 103.85728,1040,C,LTA,Saturday,5:00 am,2.24
2,Marina,Marina Square,1.29115 103.85728,1040,C,LTA,Saturday,6:00 am,2.24
2,Marina,Marina Square,1.29115 103.85728,1040,C,LTA,Saturday,7:00 am,2.44
2,Marina,Marina Square,1.29115 103.85728,1040,C,LTA,Saturday,8:00 am,2.44
2,Marina,Marina Square,1.29115 103.85728,1040,C,LTA,Saturday,9:00 am,2.44
2,Marina,Marina Square,1.29115 103.85728,1040,C,LTA,Saturday,10:00 am,2.44
2,Marina,Marina Square,1.29115 103.85728,1040,C,LTA,Saturday,11:00 am,2.44
2,Marina,Marina Square,1.29115 103.85728,1040,C,LTA,Saturday,12:00 pm,2.44
2,Marina,Marina Square,1.29115 103.85728,1040,C,LTA,Saturday,1:00 pm,2.44
2,Marina,Marina Square,1.29115 103.85728,1040,C,LTA,Saturday,2:00 pm,2.44
2,Marina,Marina Square,1.29115 103.85728,1040,C,LTA,Saturday,3:00 pm,2.44
2,Marina,Marina Square,1.29115 103.85728,1040,C,LTA,Saturday,4:00 pm,2.44
2,Marina,Marina Square,1.29115 103.85728,1040,C,LTA,Saturday,5:00 pm,2.44
2,Marina,Marina Square,1.29115 103.85728,1040,C,LTA,Saturday,6:00 pm,2.44
2,Marina,Marina Square,1.29115 103.85728,1040,C,LTA,Saturday,7:00 pm,2.44
2,Marina,Marina Square,1.29115 103.85728,1040,C,LTA,Saturday,8:00 pm,2.44
2,Marina,Marina Square,1.29115 103.85728,1040,C,LTA,Saturday,9:00 pm,2.44
2,Marina,Marina Square,1.29115 103.85728,1040,C,LTA,Saturday,10:00 pm,2.44
2,Marina,Marina Square,1.29115 103.85728,1040,C,LTA,Saturday,11:00 pm,2.44
2,Marina,Marina Square,1.29115 103.85728,1040,C,LTA,Sunday,12:00 am,2.44
2,Marina,Marina Square,1.29115 103.85728,1040,C,LTA,Sunday,1:00 am,2.44
2,Marina,Marina Square,1.29115 103.85728,1040,C,LTA,Sunday,2:00 am,2.44
2,Marina,Marina Square,1.29115 103.85728,1040,C,LTA,Sunday,3:00 am,2.24
2,Marina,Marina Square,1.29115 103.85728,1040,C,LTA,Sunday,4:00 am,2.24
2,Marina,Marina Square,1.29115 103.85728,1040,C,LTA,Sunday,5:00 am,2.24
2,Marina,Marina Square,1.29115 103.85728,1040,C,LTA,Sunday,6:00 am,2.24
2,Marina,Marina Square,1.29115 103.85728,1040,C,LTA,Sunday,7:00 am,2.44
2,Marina,Marina Square,1.29115 103.85728,1040,C,LTA,Sunday,8:00 am,2.44
2,Marina,Marina Square,1.29115 103.85728,1040,C,LTA,Sunday,9:00 am,2.44
2,Marina,Marina Square,1.29115 103.85728,1040,C,LTA,Sunday,10:00 am,2.44
2,Marina,Marina Square,1.29115 103.85728,1040,C,LTA,Sunday,11:00 am,2.44
2,Marina,Marina Square,1.29115 103.85728,1040,C,LTA,Sunday,12:00 pm,2.44
2,Marina,Marina Square,1.29115 103.85728,1040,C,LTA,Sunday,1:00 pm,2.44
2,Marina,Marina Square,1.29115 103.85728,1040,C,LTA,Sunday,2:00 pm,2.44
2,Marina,Marina Square,1.29115 103.85728,1040,C,LTA,Sunday,3:00 pm,2.44
2,Marina,Marina Square,1.29115 103.85728,1040,C,LTA,Sunday,4:00 pm,2.44
2,Marina,Marina Square,1.29115 103.85728,1040,C,LTA,Sunday,5:00 pm,2.44
2,Marina,Marina Square,1.29115 103.85728,1040,C,LTA,Sunday,6:00 pm,2.44
2,Marina,Marina Square,1.29115 103.85728,1040,C,LTA,Sunday,7:00 pm,2.44
2,Marina,Marina Square,1.29115 103.85728,1040,C,LTA,Sunday,8:00 pm,2.44
2,Marina,Marina Square,1.29115 103.85728,1040,C,LTA,Sunday,9:00 pm,2.44
2,Marina,Marina Square,1.29115 103.85728,1040,C,LTA,Sunday,10:00 pm,2.44
2,Marina,Marina Square,1.29115 103.85728,1040,C,LTA,Sunday,11:00 pm,2.44
3,Marina,Raffles City,1.29382 103.85319,309,C,LTA,Monday,12:00 am,2.60
3,Marina,Raffles City,1.29382 103.85319,309,C,LTA,Monday,1:00 am,2.60
3,Marina,Raffles City,1.29382 103.85319,309,C,LTA,Monday,2:00 am,2.60
3,Marina,Raffles City,1.29382 103.85319,309,C,LTA,Monday,3:00 am,2.60
3,Marina,Raffles City,1.29382 103.85319,309,C,LTA,Monday,4:00 am,2.60
3,Marina,Raffles City,1.29382 103.85319,309,C,LTA,Monday,5:00 am,2.60
3,Marina,Raffles City,1.29382 103.85319,309,C,LTA,Monday,6:00 am,2.60
3,Marina,Raffles City,1.29382 103.85319,309,C,LTA,Monday,7:00 am,2.60
3,Marina,Raffles City,1.29382 103.85319,309,C,LTA,Monday,8:00 am,2.60
3,Marina,Raffles City,1.29382 103.85319,309,C,LTA,Monday,9:00 am,2.60
3,Marina,Raffles City,1.29382 103.85319,309,C,LTA,Monday,10:00 am,2.60
3,Marina,Raffles City,1.29382 103.85319,309,C,LTA,Monday,11:00 am,2.60
3,Marina,Raffles City,1.29382 103.85319,309,C,LTA,Monday,12:00 pm,2.60
3,Marina,Raffles City,1.29382 103.85319,309,C,LTA,Monday,1:00 pm,2.60
3,Marina,Raffles City,1.29382 103.85319,309,C,LTA,Monday,2:00 pm,2.60
3,Marina,Raffles City,1.29382 103.85319,309,C,LTA,Monday,3:00 pm,2.60
3,Marina,Raffles City,1.29382 103.85319,309,C,LTA,Monday,4:00 pm,2.60
3,Marina,Raffles City,1.29382 103.85319,309,C,LTA,Monday,5:00 pm,2.60
3,Marina,Raffles City,1.29382 103.85319,309,C,LTA,Monday,6:00 pm,3.25
3,Marina,Raffles City,1.29382 103.85319,309,C,LTA,Monday,7:00 pm,3.25
3,Marina,Raffles City,1.29382 103.85319,309,C,LTA,Monday,8:00 pm,3.25
3,Marina,Raffles City,1.29382 103.85319,309,C,LTA,Monday,9:00 pm,3.25
3,Marina,Raffles City,1.29382 103.85319,309,C,LTA,Monday,10:00 pm,3.25
3,Marina,Raffles City,1.29382 103.85319,309,C,LTA,Monday,11:00 pm,3.25
3,Marina,Raffles City,1.29382 103.85319,309,C,LTA,Tuesday,12:00 am,3.25
3,Marina,Raffles City,1.29382 103.85319,309,C,LTA,Tuesday,1:00 am,3.25
3,Marina,Raffles City,1.29382 103.85319,309,C,LTA,Tuesday,2:00 am,3.25
3,Marina,Raffles City,1.29382 103.85319,309,C,LTA,Tuesday,3:00 am,3.25
3,Marina,Raffles City,1.29382 103.85319,309,C,LTA,Tuesday,4:00 am,3.25
3,Marina,Raffles City,1.29382 103.85319,309,C,LTA,Tuesday,5:00 am,3.25
3,Marina,Raffles City,1.29382 103.85319,309,C,LTA,Tuesday,6:00 am,3.25
3,Marina,Raffles City,1.29382 103.85319,309,C,LTA,Tuesday,7:00 am,3.25
3,Marina,Raffles City,1.29382 103.85319,309,C,LTA,Tuesday,8:00 am,2.60
3,Marina,Raffles City,1.29382 103.85319,309,C,LTA,Tuesday,9:00 am,2.60
3,Marina,Raffles City,1.29382 103.85319,309,C,LTA,Tuesday,10:00 am,2.60
3,Marina,Raffles City,1.29382 103.85319,309,C,LTA,Tuesday,11:00 am,2.60
3,Marina,Raffles City,1.29382 103.85319,309,C,LTA,Tuesday,12:00 pm,2.60
3,Marina,Raffles City,1.29382 103.85319,309,C,LTA,Tuesday,1:00 pm,2.60
3,Marina,Raffles City,1.29382 103.85319,309,C,LTA,Tuesday,2:00 pm,2.60
3,Marina,Raffles City,1.29382 103.85319,309,C,LTA,Tuesday,3:00 pm,2.60
3,Marina,Raffles City,1.29382 103.85319,309,C,LTA,Tuesday,4:00 pm,2.60
3,Marina,Raffles City,1.29382 103.85319,309,C,LTA,Tuesday,5:00 pm,2.60
3,Marina,Raffles City,1.29382 103.85319,309,C,LTA,Tuesday,6:00 pm,3.25
3,Marina,Raffles City,1.29382 103.85319,309,C,LTA,Tuesday,7:00 pm,3.25
3,Marina,Raffles City,1.29382 103.85319,309,C,LTA,Tuesday,8:00 pm,3.25
3,Marina,Raffles City,1.29382 103.85319,309,C,LTA,Tuesday,9:00 pm,3.25
3,Marina,Raffles City,1.29382 103.85319,309,C,LTA,Tuesday,10:00 pm,3.25
3,Marina,Raffles City,1.29382 103.85319,309,C,LTA,Tuesday,11:00 pm,3.25
3,Marina,Raffles City,1.29382 103.85319,309,C,LTA,Wednesday,12:00 am,3.25
3,Marina,Raffles City,1.29382 103.85319,309,C,LTA,Wednesday,1:00 am,3.25
3,Marina,Raffles City,1.29382 103.85319,309,C,LTA,Wednesday,2:00 am,3.25
3,Marina,Raffles City,1.29382 103.85319,309,C,LTA,Wednesday,3:00 am,3.25
3,Marina,Raffles City,1.29382 103.85319,309,C,LTA,Wednesday,4:00 am,3.25
3,Marina,Raffles City,1.29382 103.85319,309,C,LTA,Wednesday,5:00 am,3.25
3,Marina,Raffles City,1.29382 103.85319,309,C,LTA,Wednesday,6:00 am,3.25
3,Marina,Raffles City,1.29382 103.85319,309,C,LTA,Wednesday,7:00 am,3.25
3,Marina,Raffles City,1.29382 103.85319,309,C,LTA,Wednesday,8:00 am,2.60
3,Marina,Raffles City,1.29382 103.85319,309,C,LTA,Wednesday,9:00 am,2.60
3,Marina,Raffles City,1.29382 103.85319,309,C,LTA,Wednesday,10:00 am,2.60
3,Marina,Raffles City,1.29382 103.85319,309,C,LTA,Wednesday,11:00 am,2.60
3,Marina,Raffles City,1.29382 103.85319,309,C,LTA,Wednesday,12:00 pm,2.60
3,Marina,Raffles City,1.29382 103.85319,309,C,LTA,Wednesday,1:00 pm,2.60
3,Marina,Raffles City,1.29382 103.85319,309,C,LTA,Wednesday,2:00 pm,2.60
3,Marina,Raffles City,1.29382 103.85319,309,C,LTA,Wednesday,3:00 pm,2.60
3,Marina,Raffles City,1.29382 103.85319,309,C,LTA,Wednesday,4:00 pm,2.60
3,Marina,Raffles City,1.29382 103.85319,309,C,LTA,Wednesday,5:00 pm,2.60
3,Marina,Raffles City,1.29382 103.85319,309,C,LTA,Wednesday,6:00 pm,3.25
3,Marina,Raffles City,1.29382 103.85319,309,C,LTA,Wednesday,7:00 pm,3.25
3,Marina,Raffles City,1.29382 103.85319,309,C,LTA,Wednesday,8:00 pm,3.25
3,Marina,Raffles City,1.29382 103.85319,309,C,LTA,Wednesday,9:00 pm,3.25
3,Marina,Raffles City,1.29382 103.85319,309,C,LTA,Wednesday,10:00 pm,3.25
3,Marina,Raffles City,1.29382 103.85319,309,C,LTA,Wednesday,11:00 pm,3.25
3,Marina,Raffles City,1.29382 103.85319,309,C,LTA,Thursday,12:00 am,3.25
3,Marina,Raffles City,1.29382 103.85319,309,C,LTA,Thursday,1:00 am,3.25
3,Marina,Raffles City,1.29382 103.85319,309,C,LTA,Thursday,2:00 am,3.25
3,Marina,Raffles City,1.29382 103.85319,309,C,LTA,Thursday,3:00 am,3.25
3,Marina,Raffles City,1.29382 103.85319,309,C,LTA,Thursday,4:00 am,3.25
3,Marina,Raffles City,1.29382 103.85319,309,C,LTA,Thursday,5:00 am,3.25
3,Marina,Raffles City,1.29382 103.85319,309,C,LTA,Thursday,6:00 am,3.25
3,Marina,Raffles City,1.29382 103.85319,309,C,LTA,Thursday,7:00 am,3.25
3,Marina,Raffles City,1.29382 103.85319,309,C,LTA,Thursday,8:00 am,2.60
3,Marina,Raffles City,1.29382 103.85319,309,C,LTA,Thursday,9:00 am,2.60
3,Marina,Raffles City,1.29382 103.85319,309,C,LTA,Thursday,10:00 am,2.60
3,Marina,Raffles City,1.29382 103.85319,309,C,LTA,Thursday,11:00 am,2.60
3,Marina,Raffles City,1.29382 103.85319,309,C,LTA,Thursday,12:00 pm,2.60
3,Marina,Raffles City,1.29382 103.85319,309,C,LTA,Thursday,1:00 pm,2.60
3,Marina,Raffles City,1.29382 103.85319,309,C,LTA,Thursday,2:00 pm,2.60
3,Marina,Raffles City,1.29382 103.85319,309,C,LTA,Thursday,3:00 pm,2.60
3,Marina,Raffles City,1.29382 103.85319,309,C,LTA,Thursday,4:00 pm,2.60
3,Marina,Raffles City,1.29382 103.85319,309,C,LTA,Thursday,5:00 pm,2.60
3,Marina,Raffles City,1.29382 103.85319,309,C,LTA,Thursday,6:00 pm,3.25
3,Marina,Raffles City,1.29382 103.85319,309,C,LTA,Thursday,7:00 pm,3.25
3,Marina,Raffles City,1.29382 103.85319,309,C,LTA,Thursday,8:00 pm,3.25
3,Marina,Raffles City,1.29382 103.85319,309,C,LTA,Thursday,9:00 pm,3.25
3,Marina,Raffles City,1.29382 103.85319,309,C,LTA,Thursday,10:00 pm,3.25
3,Marina,Raffles City,1.29382 103.85319,309,C,LTA,Thursday,11:00 pm,3.25
3,Marina,Raffles City,1.29382 103.85319,309,C,LTA,Friday,12:00 am,3.25
3,Marina,Raffles City,1.29382 103.85319,309,C,LTA,Friday,1:00 am,3.25
3,Marina,Raffles City,1.29382 103.85319,309,C,LTA,Friday,2:00 am,3.25
3,Marina,Raffles City,1.29382 103.85319,309,C,LTA,Friday,3:00 am,3.25
3,Marina,Raffles City,1.29382 103.85319,309,C,LTA,Friday,4:00 am,3.25
3,Marina,Raffles City,1.29382 103.85319,309,C,LTA,Friday,5:00 am,3.25
3,Marina,Raffles City,1.29382 103.85319,309,C,LTA,Friday,6:00 am,3.25
3,Marina,Raffles City,1.29382 103.85319,309,C,LTA,Friday,7:00 am,3.25
3,Marina,Raffles City,1.29382 103.85319,309,C,LTA,Friday,8:00 am,2.60
3,Marina,Raffles City,1.29382 103.85319,309,C,LTA,Friday,9:00 am,2.60
3,Marina,Raffles City,1.29382 103.85319,309,C,LTA,Friday,10:00 am,2.60
3,Marina,Raffles City,1.29382 103.85319,309,C,LTA,Friday,11:00 am,2.60
3,Marina,Raffles City,1.29382 103.85319,309,C,LTA,Friday,12:00 pm,2.60
3,Marina,Raffles City,1.29382 103.85319,309,C,LTA,Friday,1:00 pm,2.60
3,Marina,Raffles City,1.29382 103.85319,309,C,LTA,Friday,2:00 pm,2.60
3,Marina,Raffles City,1.29382 103.85319,309,C,LTA,Friday,3:00 pm,2.60
3,Marina,Raffles City,1.29382 103.85319,309,C,LTA,Friday,4:00 pm,2.60
3,Marina,Raffles City,1.29382 103.85319,309,C,LTA,Friday,5:00 pm,2.60
3,Marina,Raffles City,1.29382 103.85319,309,C,LTA,Friday,6:00 pm,3.25
3,Marina,Raffles City,1.29382 103.85319,309,C,LTA,Friday,7:00 pm,3.25
3,Marina,Raffles City,1.29382 103.85319,309,C,LTA,Friday,8:00 pm,3.25
3,Marina,Raffles City,1.29382 103.85319,309,C,LTA,Friday,9:00 pm,3.25
3,Marina,Raffles City,1.29382 103.85319,309,C,LTA,Friday,10:00 pm,3.25
3,Marina,Raffles City,1.29382 103.85319,309,C,LTA,Friday,11:00 pm,3.25
3,Marina,Raffles City,1.29382 103.85319,309,C,LTA,Saturday,12:00 am,3.25
3,Marina,Raffles City,1.29382 103.85319,309,C,LTA,Saturday,1:00 am,3.25
3,Marina,Raffles City,1.29382 103.85319,309,C,LTA,Saturday,2:00 am,3.25
3,Marina,Raffles City,1.29382 103.85319,309,C,LTA,Saturday,3:00 am,3.25
3,Marina,Raffles City,1.29382 103.85319,309,C,LTA,Saturday,4:00 am,3.25
3,Marina,Raffles City,1.29382 103.85319,309,C,LTA,Saturday,5:00 am,3.25
3,Marina,Raffles City,1.29382 103.85319,309,C,LTA,Saturday,6:00 am,3.25
3,Marina,Raffles City,1.29382 103.85319,309,C,LTA,Saturday,7:00 am,3.25
3,Marina,Raffles City,1.29382 103.85319,309,C,LTA,Saturday,8:00 am,2.60
3,Marina,Raffles City,1.29382 103.85319,309,C,LTA,Saturday,9:00 am,2.60
3,Marina,Raffles City,1.29382 103.85319,309,C,LTA,Saturday,10:00 am,2.60
3,Marina,Raffles City,1.29382 103.85319,309,C,LTA,Saturday,11:00 am,2.60
3,Marina,Raffles City,1.29382 103.85319,309,C,LTA,Saturday,12:00 pm,2.60
3,Marina,Raffles City,1.29382 103.85319,309,C,LTA,Saturday,1:00 pm,2.60
3,Marina,Raffles City,1.29382 103.85319,309,C,LTA,Saturday,2:00 pm,2.60
3,Marina,Raffles City,1.29382 103.85319,309,C,LTA,Saturday,3:00 pm,2.60
3,Marina,Raffles City,1.29382 103.85319,309,C,LTA,Saturday,4:00 pm,2.60
3,Marina,Raffles City,1.29382 103.85319,309,C,LTA,Saturday,5:00 pm,2.60
3,Marina,Raffles City,1.29382 103.85319,309,C,LTA,Saturday,6:00 pm,2.60
3,Marina,Raffles City,1.29382 103.85319,309,C,LTA,Saturday,7:00 pm,2.60
3,Marina,Raffles City,1.29382 103.85319,309,C,LTA,Saturday,8:00 pm,2.60
3,Marina,Raffles City,1.29382 103.85319,309,C,LTA,Saturday,9:00 pm,2.60
3,Marina,Raffles City,1.29382 103.85319,309,C,LTA,Saturday,10:00 pm,2.60
3,Marina,Raffles City,1.29382 103.85319,309,C,LTA,Saturday,11:00 pm,2.60
3,Marina,Raffles City,1.29382 103.85319,309,C,LTA,Sunday,12:00 am,2.60
3,Marina,Raffles City,1.29382 103.85319,309,C,LTA,Sunday,1:00 am,2.60
3,Marina,Raffles City,1.29382 103.85319,309,C,LTA,Sunday,2:00 am,2.60
3,Marina,Raffles City,1.29382 103.85319,309,C,LTA,Sunday,3:00 am,2.60
3,Marina,Raffles City,1.29382 103.85319,309,C,LTA,Sunday,4:00 am,2.60
3,Marina,Raffles City,1.29382 103.85319,309,C,LTA,Sunday,5:00 am,2.60
3,Marina,Raffles City,1.29382 103.85319,309,C,LTA,Sunday,6:00 am,2.60
3,Marina,Raffles City,1.29382 103.85319,309,C,LTA,Sunday,7:00 am,2.60
3,Marina,Raffles City,1.29382 103.85319,309,C,LTA,Sunday,8:00 am,2.60
3,Marina,Raffles City,1.29382 103.85319,309,C,LTA,Sunday,9:00 am,2.60
3,Marina,Raffles City,1.29382 103.85319,309,C,LTA,Sunday,10:00 am,2.60
3,Marina,Raffles City,1.29382 103.85319,309,C,LTA,Sunday,11:00 am,2.60
3,Marina,Raffles City,1.29382 103.85319,309,C,LTA,Sunday,12:00 pm,2.60
3,Marina,Raffles City,1.29382 103.85319,309,C,LTA,Sunday,1:00 pm,2.60
3,Marina,Raffles City,1.29382 103.85319,309,C,LTA,Sunday,2:00 pm,2.60
3,Marina,Raffles City,1.29382 103.85319,309,C,LTA,Sunday,3:00 pm,2.60
3,Marina,Raffles City,1.29382 103.85319,309,C,LTA,Sunday,4:00 pm,2.60
3,Marina,Raffles City,1.29382 103.85319,309,C,LTA,Sunday,5:00 pm,2.60
3,Marina,Raffles City,1.29382 103.85319,309,C,LTA,Sunday,6:00 pm,2.60
3,Marina,Raffles City,1.29382 103.85319,309,C,LTA,Sunday,7:00 pm,2.60
3,Marina,Raffles City,1.29382 103.85319,309,C,LTA,Sunday,8:00 pm,2.60
3,Marina,Raffles City,1.29382 103.85319,309,C,LTA,Sunday,9:00 pm,2.60
3,Marina,Raffles City,1.29382 103.85319,309,C,LTA,Sunday,10:00 pm,2.60
3,Marina,Raffles City,1.29382 103.85319,309,C,LTA,Sunday,11:00 pm,2.60
4,Marina,The Esplanade,1.29011 103.85561,598,C,LTA,Monday,12:00 am,2.30
4,Marina,The Esplanade,1.29011 103.85561,598,C,LTA,Monday,1:00 am,2.30
4,Marina,The Esplanade,1.29011 103.85561,598,C,LTA,Monday,2:00 am,2.30
4,Marina,The Esplanade,1.29011 103.85561,598,C,LTA,Monday,3:00 am,2.30
4,Marina,The Esplanade,1.29011 103.85561,598,C,LTA,Monday,4:00 am,2.30
4,Marina,The Esplanade,1.29011 103.85561,598,C,LTA,Monday,5:00 am,2.30
4,Marina,The Esplanade,1.29011 103.85561,598,C,LTA,Monday,6:00 am,2.30
4,Marina,The Esplanade,1.29011 103.85561,598,C,LTA,Monday,7:00 am,2.30
4,Marina,The Esplanade,1.29011 103.85561,598,C,LTA,Monday,8:00 am,2.30
4,Marina,The Esplanade,1.29011 103.85561,598,C,LTA,Monday,9:00 am,2.30
4,Marina,The Esplanade,1.29011 103.85561,598,C,LTA,Monday,10:00 am,2.30
4,Marina,The Esplanade,1.29011 103.85561,598,C,LTA,Monday,11:00 am,2.30
4,Marina,The Esplanade,1.29011 103.85561,598,C,LTA,Monday,12:00 pm,2.30
4,Marina,The Esplanade,1.29011 103.85561,598,C,LTA,Monday,1:00 pm,2.30
4,Marina,The Esplanade,1.29011 103.85561,598,C,LTA,Monday,2:00 pm,2.30
4,Marina,The Esplanade,1.29011 103.85561,598,C,LTA,Monday,3:00 pm,2.30
4,Marina,The Esplanade,1.29011 103.85561,598,C,LTA,Monday,4:00 pm,2.30
4,Marina,The Esplanade,1.29011 103.85561,598,C,LTA,Monday,5:00 pm,2.30
4,Marina,The Esplanade,1.29011 103.85561,598,C,LTA,Monday,6:00 pm,2.30
4,Marina,The Esplanade,1.29011 103.85561,598,C,LTA,Monday,7:00 pm,2.30
4,Marina,The Esplanade,1.29011 103.85561,598,C,LTA,Monday,8:00 pm,2.30
4,Marina,The Esplanade,1.29011 103.85561,598,C,LTA,Monday,9:00 pm,2.30
4,Marina,The Esplanade,1.29011 103.85561,598,C,LTA,Monday,10:00 pm,2.30
4,Marina,The Esplanade,1.29011 103.85561,598,C,LTA,Monday,11:00 pm,2.30
4,Marina,The Esplanade,1.29011 103.85561,598,C,LTA,Tuesday,12:00 am,2.30
4,Marina,The Esplanade,1.29011 103.85561,598,C,LTA,Tuesday,1:00 am,2.30
4,Marina,The Esplanade,1.29011 103.85561,598,C,LTA,Tuesday,2:00 am,2.30
4,Marina,The Esplanade,1.29011 103.85561,598,C,LTA,Tuesday,3:00 am,2.30
4,Marina,The Esplanade,1.29011 103.85561,598,C,LTA,Tuesday,4:00 am,2.30
4,Marina,The Esplanade,1.29011 103.85561,598,C,LTA,Tuesday,5:00 am,2.30
4,Marina,The Esplanade,1.29011 103.85561,598,C,LTA,Tuesday,6:00 am,2.30
4,Marina,The Esplanade,1.29011 103.85561,598,C,LTA,Tuesday,7:00 am,2.30
4,Marina,The Esplanade,1.29011 103.85561,598,C,LTA,Tuesday,8:00 am,2.30
4,Marina,The Esplanade,1.29011 103.85561,598,C,LTA,Tuesday,9:00 am,2.30
4,Marina,The Esplanade,1.29011 103.85561,598,C,LTA,Tuesday,10:00 am,2.30
4,Marina,The Esplanade,1.29011 103.85561,598,C,LTA,Tuesday,11:00 am,2.30
4,Marina,The Esplanade,1.29011 103.85561,598,C,LTA,Tuesday,12:00 pm,2.30
4,Marina,The Esplanade,1.29011 103.85561,598,C,LTA,Tuesday,1:00 pm,2.30
4,Marina,The Esplanade,1.29011 103.85561,598,C,LTA,Tuesday,2:00 pm,2.30
4,Marina,The Esplanade,1.29011 103.85561,598,C,LTA,Tuesday,3:00 pm,2.30
4,Marina,The Esplanade,1.29011 103.85561,598,C,LTA,Tuesday,4:00 pm,2.30
4,Marina,The Esplanade,1.29011 103.85561,598,C,LTA,Tuesday,5:00 pm,2.30
4,Marina,The Esplanade,1.29011 103.85561,598,C,LTA,Tuesday,6:00 pm,2.30
4,Marina,The Esplanade,1.29011 103.85561,598,C,LTA,Tuesday,7:00 pm,2.30
4,Marina,The Esplanade,1.29011 103.85561,598,C,LTA,Tuesday,8:00 pm,2.30
4,Marina,The Esplanade,1.29011 103.85561,598,C,LTA,Tuesday,9:00 pm,2.30
4,Marina,The Esplanade,1.29011 103.85561,598,C,LTA,Tuesday,10:00 pm,2.30
4,Marina,The Esplanade,1.29011 103.85561,598,C,LTA,Tuesday,11:00 pm,2.30
4,Marina,The Esplanade,1.29011 103.85561,598,C,LTA,Wednesday,12:00 am,2.30
4,Marina,The Esplanade,1.29011 103.85561,598,C,LTA,Wednesday,1:00 am,2.30
4,Marina,The Esplanade,1.29011 103.85561,598,C,LTA,Wednesday,2:00 am,2.30
4,Marina,The Esplanade,1.29011 103.85561,598,C,LTA,Wednesday,3:00 am,2.30
4,Marina,The Esplanade,1.29011 103.85561,598,C,LTA,Wednesday,4:00 am,2.30
4,Marina,The Esplanade,1.29011 103.85561,598,C,LTA,Wednesday,5:00 am,2.30
4,Marina,The Esplanade,1.29011 103.85561,598,C,LTA,Wednesday,6:00 am,2.30
4,Marina,The Esplanade,1.29011 103.85561,598,C,LTA,Wednesday,7:00 am,2.30
4,Marina,The Esplanade,1.29011 103.85561,598,C,LTA,Wednesday,8:00 am,2.30
4,Marina,The Esplanade,1.29011 103.85561,598,C,LTA,Wednesday,9:00 am,2.30
4,Marina,The Esplanade,1.29011 103.85561,598,C,LTA,Wednesday,10:00 am,2.30
4,Marina,The Esplanade,1.29011 103.85561,598,C,LTA,Wednesday,11:00 am,2.30
4,Marina,The Esplanade,1.29011 103.85561,598,C,LTA,Wednesday,12:00 pm,2.30
4,Marina,The Esplanade,1.29011 103.85561,598,C,LTA,Wednesday,1:00 pm,2.30
4,Marina,The Esplanade,1.29011 103.85561,598,C,LTA,Wednesday,2:00 pm,2.30
4,Marina,The Esplanade,1.29011 103.85561,598,C,LTA,Wednesday,3:00 pm,2.30
4,Marina,The Esplanade,1.29011 103.85561,598,C,LTA,Wednesday,4:00 pm,2.30
4,Marina,The Esplanade,1.29011 103.85561,598,C,LTA,Wednesday,5:00 pm,2.30
4,Marina,The Esplanade,1.29011 103.85561,598,C,LTA,Wednesday,6:00 pm,2.30
4,Marina,The Esplanade,1.29011 103.85561,598,C,LTA,Wednesday,7:00 pm,2.30
4,Marina,The Esplanade,1.29011 103.85561,598,C,LTA,Wednesday,8:00 pm,2.30
4,Marina,The Esplanade,1.29011 103.85561,598,C,LTA,Wednesday,9:00 pm,2.30
4,Marina,The Esplanade,1.29011 103.85561,598,C,LTA,Wednesday,10:00 pm,2.30
4,Marina,The Esplanade,1.29011 103.85561,598,C,LTA,Wednesday,11:00 pm,2.30
4,Marina,The Esplanade,1.29011 103.85561,598,C,LTA,Thursday,12:00 am,2.30
4,Marina,The Esplanade,1.29011 103.85561,598,C,LTA,Thursday,1:00 am,2.30
4,Marina,The Esplanade,1.29011 103.85561,598,C,LTA,Thursday,2:00 am,2.30
4,Marina,The Esplanade,1.29011 103.85561,598,C,LTA,Thursday,3:00 am,2.30
4,Marina,The Esplanade,1.29011 103.85561,598,C,LTA,Thursday,4:00 am,2.30
4,Marina,The Esplanade,1.29011 103.85561,598,C,LTA,Thursday,5:00 am,2.30
4,Marina,The Esplanade,1.29011 103.85561,598,C,LTA,Thursday,6:00 am,2.30
4,Marina,The Esplanade,1.29011 103.85561,598,C,LTA,Thursday,7:00 am,2.30
4,Marina,The Esplanade,1.29011 103.85561,598,C,LTA,Thursday,8:00 am,2.30
4,Marina,The Esplanade,1.29011 103.85561,598,C,LTA,Thursday,9:00 am,2.30
4,Marina,The Esplanade,1.29011 103.85561,598,C,LTA,Thursday,10:00 am,2.30
4,Marina,The Esplanade,1.29011 103.85561,598,C,LTA,Thursday,11:00 am,2.30
4,Marina,The Esplanade,1.29011 103.85561,598,C,LTA,Thursday,12:00 pm,2.30
4,Marina,The Esplanade,1.29011 103.85561,598,C,LTA,Thursday,1:00 pm,2.30
4,Marina,The Esplanade,1.29011 103.85561,598,C,LTA,Thursday,2:00 pm,2.30
4,Marina,The Esplanade,1.29011 103.85561,598,C,LTA,Thursday,3:00 pm,2.30
4,Marina,The Esplanade,1.29011 103.85561,598,C,LTA,Thursday,4:00 pm,2.30
4,Marina,The Esplanade,1.29011 103.85561,598,C,LTA,Thursday,5:00 pm,2.30
4,Marina,The Esplanade,1.29011 103.85561,598,C,LTA,Thursday,6:00 pm,2.30
4,Marina,The Esplanade,1.29011 103.85561,598,C,LTA,Thursday,7:00 pm,2.30
4,Marina,The Esplanade,1.29011 103.85561,598,C,LTA,Thursday,8:00 pm,2.30
4,Marina,The Esplanade,1.29011 103.85561,598,C,LTA,Thursday,9:00 pm,2.30
4,Marina,The Esplanade,1.29011 103.85561,598,C,LTA,Thursday,10:00 pm,2.30
4,Marina,The Esplanade,1.29011 103.85561,598,C,LTA,Thursday,11:00 pm,2.30
4,Marina,The Esplanade,1.29011 103.85561,598,C,LTA,Friday,12:00 am,2.30
4,Marina,The Esplanade,1.29011 103.85561,598,C,LTA,Friday,1:00 am,2.30
4,Marina,The Esplanade,1.29011 103.85561,598,C,LTA,Friday,2:00 am,2.30
4,Marina,The Esplanade,1.29011 103.85561,598,C,LTA,Friday,3:00 am,2.30
4,Marina,The Esplanade,1.29011 103.85561,598,C,LTA,Friday,4:00 am,2.30
4,Marina,The Esplanade,1.29011 103.85561,598,C,LTA,Friday,5:00 am,2.30
4,Marina,The Esplanade,1.29011 103.85561,598,C,LTA,Friday,6:00 am,2.30
4,Marina,The Esplanade,1.29011 103.85561,598,C,LTA,Friday,7:00 am,2.30
4,Marina,The Esplanade,1.29011 103.85561,598,C,LTA,Friday,8:00 am,2.30
4,Marina,The Esplanade,1.29011 103.85561,598,C,LTA,Friday,9:00 am,2.30
4,Marina,The Esplanade,1.29011 103.85561,598,C,LTA,Friday,10:00 am,2.30
4,Marina,The Esplanade,1.29011 103.85561,598,C,LTA,Friday,11:00 am,2.30
4,Marina,The Esplanade,1.29011 103.85561,598,C,LTA,Friday,12:00 pm,2.30
4,Marina,The Esplanade,1.29011 103.85561,598,C,LTA,Friday,1:00 pm,2.30
4,Marina,The Esplanade,1.29011 103.85561,598,C,LTA,Friday,2:00 pm,2.30
4,Marina,The Esplanade,1.29011 103.85561,598,C,LTA,Friday,3:00 pm,2.30
4,Marina,The Esplanade,1.29011 103.85561,598,C,LTA,Friday,4:00 pm,2.30
4,Marina,The Esplanade,1.29011 103.85561,598,C,LTA,Friday,5:00 pm,2.30
4,Marina,The Esplanade,1.29011 103.85561,598,C,LTA,Friday,6:00 pm,2.30
4,Marina,The Esplanade,1.29011 103.85561,598,C,LTA,Friday,7:00 pm,2.30
4,Marina,The Esplanade,1.29011 103.85561,598,C,LTA,Friday,8:00 pm,2.30
4,Marina,The Esplanade,1.29011 103.85561,598,C,LTA,Friday,9:00 pm,2.30
4,Marina,The Esplanade,1.29011 103.85561,598,C,LTA,Friday,10:00 pm,2.30
4,Marina,The Esplanade,1.29011 103.85561,598,C,LTA,Friday,11:00 pm,2.30
4,Marina,The Esplanade,1.29011 103.85561,598,C,LTA,Saturday,12:00 am,2.30
4,Marina,The Esplanade,1.29011 103.85561,598,C,LTA,Saturday,1:00 am,2.30
4,Marina,The Esplanade,1.29011 103.85561,598,C,LTA,Saturday,2:00 am,2.30
4,Marina,The Esplanade,1.29011 103.85561,598,C,LTA,Saturday,3:00 am,2.30
4,Marina,The Esplanade,1.29011 103.85561,598,C,LTA,Saturday,4:00 am,2.30
4,Marina,The Esplanade,1.29011 103.85561,598,C,LTA,Saturday,5:00 am,2.30
4,Marina,The Esplanade,1.29011 103.85561,598,C,LTA,Saturday,6:00 am,2.30
4,Marina,The Esplanade,1.29011 103.85561,598,C,LTA,Saturday,7:00 am,2.30
4,Marina,The Esplanade,1.29011 103.85561,598,C,LTA,Saturday,8:00 am,2.30
4,Marina,The Esplanade,1.29011 103.85561,598,C,LTA,Saturday,9:00 am,2.30
4,Marina,The Esplanade,1.29011 103.85561,598,C,LTA,Saturday,10:00 am,2.30
4,Marina,The Esplanade,1.29011 103.85561,598,C,LTA,Saturday,11:00 am,2.30
4,Marina,The Esplanade,1.29011 103.85561,598,C,LTA,Saturday,12:00 pm,2.30
4,Marina,The Esplanade,1.29011 103.85561,598,C,LTA,Saturday,1:00 pm,2.30
4,Marina,The Esplanade,1.29011 103.85561,598,C,LTA,Saturday,2:00 pm,2.30
4,Marina,The Esplanade,1.29011 103.85561,598,C,LTA,Saturday,3:00 pm,2.30
4,Marina,The Esplanade,1.29011 103.85561,598,C,LTA,Saturday,4:00 pm,2.30
4,Marina,The Esplanade,1.29011 103.85561,598,C,LTA,Saturday,5:00 pm,2.30
4,Marina,The Esplanade,1.29011 103.85561,598,C,LTA,Saturday,6:00 pm,2.30
4,Marina,The Esplanade,1.29011 103.85561,598,C,LTA,Saturday,7:00 pm,2.30
4,Marina,The Esplanade,1.29011 103.85561,598,C,LTA,Saturday,8:00 pm,2.30
4,Marina,The Esplanade,1.29011 103.85561,598,C,LTA,Saturday,9:00 pm,2.30
4,Marina,The Esplanade,1.29011 103.85561,598,C,LTA,Saturday,10:00 pm,2.30
4,Marina,The Esplanade,1.29011 103.85561,598,C,LTA,Saturday,11:00 pm,2.30
4,Marina,The Esplanade,1.29011 103.85561,598,C,LTA,Sunday,12:00 am,2.30
4,Marina,The Esplanade,1.29011 103.85561,598,C,LTA,Sunday,1:00 am,2.30
4,Marina,The Esplanade,1.29011 103.85561,598,C,LTA,Sunday,2:00 am,2.30
4,Marina,The Esplanade,1.29011 103.85561,598,C,LTA,Sunday,3:00 am,2.30
4,Marina,The Esplanade,1.29011 103.85561,598,C,LTA,Sunday,4:00 am,2.30
4,Marina,The Esplanade,1.29011 103.85561,598,C,LTA,Sunday,5:00 am,2.30
4,Marina,The Esplanade,1.29011 103.85561,598,C,LTA,Sunday,6:00 am,2.30
4,Marina,The Esplanade,1.29011 103.85561,598,C,LTA,Sunday,7:00 am,2.30
4,Marina,The Esplanade,1.29011 103.85561,598,C,LTA,Sunday,8:00 am,2.30
4,Marina,The Esplanade,1.29011 103.85561,598,C,LTA,Sunday,9:00 am,2.30
4,Marina,The Esplanade,1.29011 103.85561,598,C,LTA,Sunday,10:00 am,2.30
4,Marina,The Esplanade,1.29011 103.85561,598,C,LTA,Sunday,11:00 am,2.30
4,Marina,The Esplanade,1.29011 103.85561,598,C,LTA,Sunday,12:00 pm,2.30
4,Marina,The Esplanade,1.29011 103.85561,598,C,LTA,Sunday,1:00 pm,2.30
4,Marina,The Esplanade,1.29011 103.85561,598,C,LTA,Sunday,2:00 pm,2.30
4,Marina,The Esplanade,1.29011 103.85561,598,C,LTA,Sunday,3:00 pm,2.30
4,Marina,The Esplanade,1.29011 103.85561,598,C,LTA,Sunday,4:00 pm,2.30
4,Marina,The Esplanade,1.29011 103.85561,598,C,LTA,Sunday,5:00 pm,2.30
4,Marina,The Esplanade,1.29011 103.85561,598,C,LTA,Sunday,6:00 pm,2.30
4,Marina,The Esplanade,1.29011 103.85561,598,C,LTA,Sunday,7:00 pm,2.30
4,Marina,The Esplanade,1.29011 103.85561,598,C,LTA,Sunday,8:00 pm,2.30
4,Marina,The Esplanade,1.29011 103.85561,598,C,LTA,Sunday,9:00 pm,2.30
4,Marina,The Esplanade,1.29011 103.85561,598,C,LTA,Sunday,10:00 pm,2.30
4,Marina,The Esplanade,1.29011 103.85561,598,C,LTA,Sunday,11:00 pm,2.30
5,Marina,Millenia Singapore,1.29251 103.86009,406,C,LTA,Monday,12:00 am,2.22
5,Marina,Millenia Singapore,1.29251 103.86009,406,C,LTA,Monday,1:00 am,2.22
5,Marina,Millenia Singapore,1.29251 103.86009,406,C,LTA,Monday,2:00 am,2.22
5,Marina,Millenia Singapore,1.29251 103.86009,406,C,LTA,Monday,3:00 am,2.22
5,Marina,Millenia Singapore,1.29251 103.86009,406,C,LTA,Monday,4:00 am,2.22
5,Marina,Millenia Singapore,1.29251 103.86009,406,C,LTA,Monday,5:00 am,2.22
5,Marina,Millenia Singapore,1.29251 103.86009,406,C,LTA,Monday,6:00 am,2.22
5,Marina,Millenia Singapore,1.29251 103.86009,406,C,LTA,Monday,7:00 am,2.22
5,Marina,Millenia Singapore,1.29251 103.86009,406,C,LTA,Monday,8:00 am,3.33
5,Marina,Millenia Singapore,1.29251 103.86009,406,C,LTA,Monday,9:00 am,3.33
5,Marina,Millenia Singapore,1.29251 103.86009,406,C,LTA,Monday,10:00 am,3.33
5,Marina,Millenia Singapore,1.29251 103.86009,406,C,LTA,Monday,11:00 am,3.33
5,Marina,Millenia Singapore,1.29251 103.86009,406,C,LTA,Monday,12:00 pm,3.33
5,Marina,Millenia Singapore,1.29251 103.86009,406,C,LTA,Monday,1:00 pm,3.33
5,Marina,Millenia Singapore,1.29251 103.86009,406,C,LTA,Monday,2:00 pm,3.33
5,Marina,Millenia Singapore,1.29251 103.86009,406,C,LTA,Monday,3:00 pm,3.33
5,Marina,Millenia Singapore,1.29251 103.86009,406,C,LTA,Monday,4:00 pm,3.33
5,Marina,Millenia Singapore,1.29251 103.86009,406,C,LTA,Monday,5:00 pm,3.33
5,Marina,Millenia Singapore,1.29251 103.86009,406,C,LTA,Monday,6:00 pm,2.22
5,Marina,Millenia Singapore,1.29251 103.86009,406,C,LTA,Monday,7:00 pm,2.22
5,Marina,Millenia Singapore,1.29251 103.86009,406,C,LTA,Monday,8:00 pm,2.22
5,Marina,Millenia Singapore,1.29251 103.86009,406,C,LTA,Monday,9:00 pm,2.22
5,Marina,Millenia Singapore,1.29251 103.86009,406,C,LTA,Monday,10:00 pm,2.22
5,Marina,Millenia Singapore,1.29251 103.86009,406,C,LTA,Monday,11:00 pm,2.22
5,Marina,Millenia Singapore,1.29251 103.86009,406,C,LTA,Tuesday,12:00 am,2.22
5,Marina,Millenia Singapore,1.29251 103.86009,406,C,LTA,Tuesday,1:00 am,2.22
5,Marina,Millenia Singapore,1.29251 103.86009,406,C,LTA,Tuesday,2:00 am,2.22
5,Marina,Millenia Singapore,1.29251 103.86009,406,C,LTA,Tuesday,3:00 am,2.22
5,Marina,Millenia Singapore,1.29251 103.86009,406,C,LTA,Tuesday,4:00 am,2.22
5,Marina,Millenia Singapore,1.29251 103.86009,406,C,LTA,Tuesday,5:00 am,2.22
5,Marina,Millenia Singapore,1.29251 103.86009,406,C,LTA,Tuesday,6:00 am,2.22
5,Marina,Millenia Singapore,1.29251 103.86009,406,C,LTA,Tuesday,7:00 am,2.22
5,Marina,Millenia Singapore,1.29251 103.86009,406,C,LTA,Tuesday,8:00 am,3.33
5,Marina,Millenia Singapore,1.29251 103.86009,406,C,LTA,Tuesday,9:00 am,3.33
5,Marina,Millenia Singapore,1.29251 103.86009,406,C,LTA,Tuesday,10:00 am,3.33
5,Marina,Millenia Singapore,1.29251 103.86009,406,C,LTA,Tuesday,11:00 am,3.33
5,Marina,Millenia Singapore,1.29251 103.86009,406,C,LTA,Tuesday,12:00 pm,3.33
5,Marina,Millenia Singapore,1.29251 103.86009,406,C,LTA,Tuesday,1:00 pm,3.33
5,Marina,Millenia Singapore,1.29251 103.86009,406,C,LTA,Tuesday,2:00 pm,3.33
5,Marina,Millenia Singapore,1.29251 103.86009,406,C,LTA,Tuesday,3:00 pm,3.33
5,Marina,Millenia Singapore,1.29251 103.86009,406,C,LTA,Tuesday,4:00 pm,3.33
5,Marina,Millenia Singapore,1.29251 103.86009,406,C,LTA,Tuesday,5:00 pm,3.33
5,Marina,Millenia Singapore,1.29251 103.86009,406,C,LTA,Tuesday,6:00 pm,2.22
5,Marina,Millenia Singapore,1.29251 103.86009,406,C,LTA,Tuesday,7:00 pm,2.22
5,Marina,Millenia Singapore,1.29251 103.86009,406,C,LTA,Tuesday,8:00 pm,2.22
5,Marina,Millenia Singapore,1.29251 103.86009,406,C,LTA,Tuesday,9:00 pm,2.22
5,Marina,Millenia Singapore,1.29251 103.86009,406,C,LTA,Tuesday,10:00 pm,2.22
5,Marina,Millenia Singapore,1.29251 103.86009,406,C,LTA,Tuesday,11:00 pm,2.22
5,Marina,Millenia Singapore,1.29251 103.86009,406,C,LTA,Wednesday,12:00 am,2.22
5,Marina,Millenia Singapore,1.29251 103.86009,406,C,LTA,Wednesday,1:00 am,2.22
5,Marina,Millenia Singapore,1.29251 103.86009,406,C,LTA,Wednesday,2:00 am,2.22
5,Marina,Millenia Singapore,1.29251 103.86009,406,C,LTA,Wednesday,3:00 am,2.22
5,Marina,Millenia Singapore,1.29251 103.86009,406,C,LTA,Wednesday,4:00 am,2.22
5,Marina,Millenia Singapore,1.29251 103.86009,406,C,LTA,Wednesday,5:00 am,2.22
5,Marina,Millenia Singapore,1.29251 103.86009,406,C,LTA,Wednesday,6:00 am,2.22
5,Marina,Millenia Singapore,1.29251 103.86009,406,C,LTA,Wednesday,7:00 am,2.22
5,Marina,Millenia Singapore,1.29251 103.86009,406,C,LTA,Wednesday,8:00 am,3.33
5,Marina,Millenia Singapore,1.29251 103.86009,406,C,LTA,Wednesday,9:00 am,3.33
5,Marina,Millenia Singapore,1.29251 103.86009,406,C,LTA,Wednesday,10:00 am,3.33
5,Marina,Millenia Singapore,1.29251 103.86009,406,C,LTA,Wednesday,11:00 am,3.33
5,Marina,Millenia Singapore,1.29251 103.86009,406,C,LTA,Wednesday,12:00 pm,3.33
5,Marina,Millenia Singapore,1.29251 103.86009,406,C,LTA,Wednesday,1:00 pm,3.33
5,Marina,Millenia Singapore,1.29251 103.86009,406,C,LTA,Wednesday,2:00 pm,3.33
5,Marina,Millenia Singapore,1.29251 103.86009,406,C,LTA,Wednesday,3:00 pm,3.33
5,Marina,Millenia Singapore,1.29251 103.86009,406,C,LTA,Wednesday,4:00 pm,3.33
5,Marina,Millenia Singapore,1.29251 103.86009,406,C,LTA,Wednesday,5:00 pm,3.33
5,Marina,Millenia Singapore,1.29251 103.86009,406,C,LTA,Wednesday,6:00 pm,2.22
5,Marina,Millenia Singapore,1.29251 103.86009,406,C,LTA,Wednesday,7:00 pm,2.22
5,Marina,Millenia Singapore,1.29251 103.86009,406,C,LTA,Wednesday,8:00 pm,2.22
5,Marina,Millenia Singapore,1.29251 103.86009,406,C,LTA,Wednesday,9:00 pm,2.22
5,Marina,Millenia Singapore,1.29251 103.86009,406,C,LTA,Wednesday,10:00 pm,2.22
5,Marina,Millenia Singapore,1.29251 103.86009,406,C,LTA,Wednesday,11:00 pm,2.22
5,Marina,Millenia Singapore,1.29251 103.86009,406,C,LTA,Thursday,12:00 am,2.22
5,Marina,Millenia Singapore,1.29251 103.86009,406,C,LTA,Thursday,1:00 am,2.22
5,Marina,Millenia Singapore,1.29251 103.86009,406,C,LTA,Thursday,2:00 am,2.22
5,Marina,Millenia Singapore,1.29251 103.86009,406,C,LTA,Thursday,3:00 am,2.22
5,Marina,Millenia Singapore,1.29251 103.86009,406,C,LTA,Thursday,4:00 am,2.22
5,Marina,Millenia Singapore,1.29251 103.86009,406,C,LTA,Thursday,5:00 am,2.22
5,Marina,Millenia Singapore,1.29251 103.86009,406,C,LTA,Thursday,6:00 am,2.22
5,Marina,Millenia Singapore,1.29251 103.86009,406,C,LTA,Thursday,7:00 am,2.22
5,Marina,Millenia Singapore,1.29251 103.86009,406,C,LTA,Thursday,8:00 am,3.33
5,Marina,Millenia Singapore,1.29251 103.86009,406,C,LTA,Thursday,9:00 am,3.33
5,Marina,Millenia Singapore,1.29251 103.86009,406,C,LTA,Thursday,10:00 am,3.33
5,Marina,Millenia Singapore,1.29251 103.86009,406,C,LTA,Thursday,11:00 am,3.33
5,Marina,Millenia Singapore,1.29251 103.86009,406,C,LTA,Thursday,12:00 pm,3.33
5,Marina,Millenia Singapore,1.29251 103.86009,406,C,LTA,Thursday,1:00 pm,3.33
5,Marina,Millenia Singapore,1.29251 103.86009,406,C,LTA,Thursday,2:00 pm,3.33
5,Marina,Millenia Singapore,1.29251 103.86009,406,C,LTA,Thursday,3:00 pm,3.33
5,Marina,Millenia Singapore,1.29251 103.86009,406,C,LTA,Thursday,4:00 pm,3.33
5,Marina,Millenia Singapore,1.29251 103.86009,406,C,LTA,Thursday,5:00 pm,3.33
5,Marina,Millenia Singapore,1.29251 103.86009,406,C,LTA,Thursday,6:00 pm,2.22
5,Marina,Millenia Singapore,1.29251 103.86009,406,C,LTA,Thursday,7:00 pm,2.22
5,Marina,Millenia Singapore,1.29251 103.86009,406,C,LTA,Thursday,8:00 pm,2.22
5,Marina,Millenia Singapore,1.29251 103.86009,406,C,LTA,Thursday,9:00 pm,2.22
5,Marina,Millenia Singapore,1.29251 103.86009,406,C,LTA,Thursday,10:00 pm,2.22
5,Marina,Millenia Singapore,1.29251 103.86009,406,C,LTA,Thursday,11:00 pm,2.22
5,Marina,Millenia Singapore,1.29251 103.86009,406,C,LTA,Friday,12:00 am,2.22
5,Marina,Millenia Singapore,1.29251 103.86009,406,C,LTA,Friday,1:00 am,2.22
5,Marina,Millenia Singapore,1.29251 103.86009,406,C,LTA,Friday,2:00 am,2.22
5,Marina,Millenia Singapore,1.29251 103.86009,406,C,LTA,Friday,3:00 am,2.22
5,Marina,Millenia Singapore,1.29251 103.86009,406,C,LTA,Friday,4:00 am,2.22
5,Marina,Millenia Singapore,1.29251 103.86009,406,C,LTA,Friday,5:00 am,2.22
5,Marina,Millenia Singapore,1.29251 103.86009,406,C,LTA,Friday,6:00 am,2.22
5,Marina,Millenia Singapore,1.29251 103.86009,406,C,LTA,Friday,7:00 am,2.22
5,Marina,Millenia Singapore,1.29251 103.86009,406,C,LTA,Friday,8:00 am,3.33
5,Marina,Millenia Singapore,1.29251 103.86009,406,C,LTA,Friday,9:00 am,3.33
5,Marina,Millenia Singapore,1.29251 103.86009,406,C,LTA,Friday,10:00 am,3.33
5,Marina,Millenia Singapore,1.29251 103.86009,406,C,LTA,Friday,11:00 am,3.33
5,Marina,Millenia Singapore,1.29251 103.86009,406,C,LTA,Friday,12:00 pm,3.33
5,Marina,Millenia Singapore,1.29251 103.86009,406,C,LTA,Friday,1:00 pm,3.33
5,Marina,Millenia Singapore,1.29251 103.86009,406,C,LTA,Friday,2:00 pm,3.33
5,Marina,Millenia Singapore,1.29251 103.86009,406,C,LTA,Friday,3:00 pm,3.33
5,Marina,Millenia Singapore,1.29251 103.86009,406,C,LTA,Friday,4:00 pm,3.33
5,Marina,Millenia Singapore,1.29251 103.86009,406,C,LTA,Friday,5:00 pm,3.33
5,Marina,Millenia Singapore,1.29251 103.86009,406,C,LTA,Friday,6:00 pm,2.22
5,Marina,Millenia Singapore,1.29251 103.86009,406,C,LTA,Friday,7:00 pm,2.22
5,Marina,Millenia Singapore,1.29251 103.86009,406,C,LTA,Friday,8:00 pm,2.22
5,Marina,Millenia Singapore,1.29251 103.86009,406,C,LTA,Friday,9:00 pm,2.22
5,Marina,Millenia Singapore,1.29251 103.86009,406,C,LTA,Friday,10:00 pm,2.22
5,Marina,Millenia Singapore,1.29251 103.86009,406,C,LTA,Friday,11:00 pm,2.22
5,Marina,Millenia Singapore,1.29251 103.86009,406,C,LTA,Saturday,12:00 am,2.22
5,Marina,Millenia Singapore,1.29251 103.86009,406,C,LTA,Saturday,1:00 am,2.22
5,Marina,Millenia Singapore,1.29251 103.86009,406,C,LTA,Saturday,2:00 am,2.22
5,Marina,Millenia Singapore,1.29251 103.86009,406,C,LTA,Saturday,3:00 am,2.22
5,Marina,Millenia Singapore,1.29251 103.86009,406,C,LTA,Saturday,4:00 am,2.22
5,Marina,Millenia Singapore,1.29251 103.86009,406,C,LTA,Saturday,5:00 am,2.22
5,Marina,Millenia Singapore,1.29251 103.86009,406,C,LTA,Saturday,6:00 am,2.22
5,Marina,Millenia Singapore,1.29251 103.86009,406,C,LTA,Saturday,7:00 am,2.22
5,Marina,Millenia Singapore,1.29251 103.86009,406,C,LTA,Saturday,8:00 am,2.22
5,Marina,Millenia Singapore,1.29251 103.86009,406,C,LTA,Saturday,9:00 am,2.22
5,Marina,Millenia Singapore,1.29251 103.86009,406,C,LTA,Saturday,10:00 am,2.22
5,Marina,Millenia Singapore,1.29251 103.86009,406,C,LTA,Saturday,11:00 am,2.22
5,Marina,Millenia Singapore,1.29251 103.86009,406,C,LTA,Saturday,12:00 pm,2.22
5,Marina,Millenia Singapore,1.29251 103.86009,406,C,LTA,Saturday,1:00 pm,2.22
5,Marina,Millenia Singapore,1.29251 103.86009,406,C,LTA,Saturday,2:00 pm,2.22
5,Marina,Millenia Singapore,1.29251 103.86009,406,C,LTA,Saturday,3:00 pm,2.22
5,Marina,Millenia Singapore,1.29251 103.86009,406,C,LTA,Saturday,4:00 pm,2.22
5,Marina,Millenia Singapore,1.29251 103.86009,406,C,LTA,Saturday,5:00 pm,2.22
5,Marina,Millenia Singapore,1.29251 103.86009,406,C,LTA,Saturday,6:00 pm,2.22
5,Marina,Millenia Singapore,1.29251 103.86009,406,C,LTA,Saturday,7:00 pm,2.22
5,Marina,Millenia Singapore,1.29251 103.86009,406,C,LTA,Saturday,8:00 pm,2.22
5,Marina,Millenia Singapore,1.29251 103.86009,406,C,LTA,Saturday,9:00 pm,2.22
5,Marina,Millenia Singapore,1.29251 103.86009,406,C,LTA,Saturday,10:00 pm,2.22
5,Marina,Millenia Singapore,1.29251 103.86009,406,C,LTA,Saturday,11:00 pm,2.22
5,Marina,Millenia Singapore,1.29251 103.86009,406,C,LTA,Sunday,12:00 am,2.22
5,Marina,Millenia Singapore,1.29251 103.86009,406,C,LTA,Sunday,1:00 am,2.22
5,Marina,Millenia Singapore,1.29251 103.86009,406,C,LTA,Sunday,2:00 am,2.22
5,Marina,Millenia Singapore,1.29251 103.86009,406,C,LTA,Sunday,3:00 am,2.22
5,Marina,Millenia Singapore,1.29251 103.86009,406,C,LTA,Sunday,4:00 am,2.22
5,Marina,Millenia Singapore,1.29251 103.86009,406,C,LTA,Sunday,5:00 am,2.22
5,Marina,Millenia Singapore,1.29251 103.86009,406,C,LTA,Sunday,6:00 am,2.22
5,Marina,Millenia Singapore,1.29251 103.86009,406,C,LTA,Sunday,7:00 am,2.22
5,Marina,Millenia Singapore,1.29251 103.86009,406,C,LTA,Sunday,8:00 am,2.22
5,Marina,Millenia Singapore,1.29251 103.86009,406,C,LTA,Sunday,9:00 am,2.22
5,Marina,Millenia Singapore,1.29251 103.86009,406,C,LTA,Sunday,10:00 am,2.22
5,Marina,Millenia Singapore,1.29251 103.86009,406,C,LTA,Sunday,11:00 am,2.22
5,Marina,Millenia Singapore,1.29251 103.86009,406,C,LTA,Sunday,12:00 pm,2.22
5,Marina,Millenia Singapore,1.29251 103.86009,406,C,LTA,Sunday,1:00 pm,2.22
5,Marina,Millenia Singapore,1.29251 103.86009,406,C,LTA,Sunday,2:00 pm,2.22
5,Marina,Millenia Singapore,1.29251 103.86009,406,C,LTA,Sunday,3:00 pm,2.22
5,Marina,Millenia Singapore,1.29251 103.86009,406,C,LTA,Sunday,4:00 pm,2.22
5,Marina,Millenia Singapore,1.29251 103.86009,406,C,LTA,Sunday,5:00 pm,2.22
5,Marina,Millenia Singapore,1.29251 103.86009,406,C,LTA,Sunday,6:00 pm,2.22
5,Marina,Millenia Singapore,1.29251 103.86009,406,C,LTA,Sunday,7:00 pm,2.22
5,Marina,Millenia Singapore,1.29251 103.86009,406,C,LTA,Sunday,8:00 pm,2.22
5,Marina,Millenia Singapore,1.29251 103.86009,406,C,LTA,Sunday,9:00 pm,2.22
5,Marina,Millenia Singapore,1.29251 103.86009,406,C,LTA,Sunday,10:00 pm,2.22
5,Marina,Millenia Singapore,1.29251 103.86009,406,C,LTA,Sunday,11:00 pm,2.22
6,Marina,Singapore Flyer,1.28944 103.86311,240,C,LTA,Monday,12:00 am,2.00
6,Marina,Singapore Flyer,1.28944 103.86311,240,C,LTA,Monday,1:00 am,2.00
6,Marina,Singapore Flyer,1.28944 103.86311,240,C,LTA,Monday,2:00 am,2.00
6,Marina,Singapore Flyer,1.28944 103.86311,240,C,LTA,Monday,3:00 am,2.00
6,Marina,Singapore Flyer,1.28944 103.86311,240,C,LTA,Monday,4:00 am,2.00
6,Marina,Singapore Flyer,1.28944 103.86311,240,C,LTA,Monday,5:00 am,2.00
6,Marina,Singapore Flyer,1.28944 103.86311,240,C,LTA,Monday,6:00 am,2.00
6,Marina,Singapore Flyer,1.28944 103.86311,240,C,LTA,Monday,7:00 am,2.00
6,Marina,Singapore Flyer,1.28944 103.86311,240,C,LTA,Monday,8:00 am,2.00
6,Marina,Singapore Flyer,1.28944 103.86311,240,C,LTA,Monday,9:00 am,2.00
6,Marina,Singapore Flyer,1.28944 103.86311,240,C,LTA,Monday,10:00 am,2.00
6,Marina,Singapore Flyer,1.28944 103.86311,240,C,LTA,Monday,11:00 am,2.00
6,Marina,Singapore Flyer,1.28944 103.86311,240,C,LTA,Monday,12:00 pm,2.00
6,Marina,Singapore Flyer,1.28944 103.86311,240,C,LTA,Monday,1:00 pm,2.00
6,Marina,Singapore Flyer,1.28944 103.86311,240,C,LTA,Monday,2:00 pm,2.00
6,Marina,Singapore Flyer,1.28944 103.86311,240,C,LTA,Monday,3:00 pm,2.00
6,Marina,Singapore Flyer,1.28944 103.86311,240,C,LTA,Monday,4:00 pm,2.00
6,Marina,Singapore Flyer,1.28944 103.86311,240,C,LTA,Monday,5:00 pm,2.00
6,Marina,Singapore Flyer,1.28944 103.86311,240,C,LTA,Monday,6:00 pm,2.00
6,Marina,Singapore Flyer,1.28944 103.86311,240,C,LTA,Monday,7:00 pm,2.00
6,Marina,Singapore Flyer,1.28944 103.86311,240,C,LTA,Monday,8:00 pm,2.00
6,Marina,Singapore Flyer,1.28944 103.86311,240,C,LTA,Monday,9:00 pm,2.00
6,Marina,Singapore Flyer,1.28944 103.86311,240,C,LTA,Monday,10:00 pm,2.00
6,Marina,Singapore Flyer,1.28944 103.86311,240,C,LTA,Monday,11:00 pm,2.00
6,Marina,Singapore Flyer,1.28944 103.86311,240,C,LTA,Tuesday,12:00 am,2.00
6,Marina,Singapore Flyer,1.28944 103.86311,240,C,LTA,Tuesday,1:00 am,2.00
6,Marina,Singapore Flyer,1.28944 103.86311,240,C,LTA,Tuesday,2:00 am,2.00
6,Marina,Singapore Flyer,1.28944 103.86311,240,C,LTA,Tuesday,3:00 am,2.00
6,Marina,Singapore Flyer,1.28944 103.86311,240,C,LTA,Tuesday,4:00 am,2.00
6,Marina,Singapore Flyer,1.28944 103.86311,240,C,LTA,Tuesday,5:00 am,2.00
6,Marina,Singapore Flyer,1.28944 103.86311,240,C,LTA,Tuesday,6:00 am,2.00
6,Marina,Singapore Flyer,1.28944 103.86311,240,C,LTA,Tuesday,7:00 am,2.00
6,Marina,Singapore Flyer,1.28944 103.86311,240,C,LTA,Tuesday,8:00 am,2.00
6,Marina,Singapore Flyer,1.28944 103.86311,240,C,LTA,Tuesday,9:00 am,2.00
6,Marina,Singapore Flyer,1.28944 103.86311,240,C,LTA,Tuesday,10:00 am,2.00
6,Marina,Singapore Flyer,1.28944 103.86311,240,C,LTA,Tuesday,11:00 am,2.00
6,Marina,Singapore Flyer,1.28944 103.86311,240,C,LTA,Tuesday,12:00 pm,2.00
6,Marina,Singapore Flyer,1.28944 103.86311,240,C,LTA,Tuesday,1:00 pm,2.00
6,Marina,Singapore Flyer,1.28944 103.86311,240,C,LTA,Tuesday,2:00 pm,2.00
6,Marina,Singapore Flyer,1.28944 103.86311,240,C,LTA,Tuesday,3:00 pm,2.00
6,Marina,Singapore Flyer,1.28944 103.86311,240,C,LTA,Tuesday,4:00 pm,2.00
6,Marina,Singapore Flyer,1.28944 103.86311,240,C,LTA,Tuesday,5:00 pm,2.00
6,Marina,Singapore Flyer,1.28944 103.86311,240,C,LTA,Tuesday,6:00 pm,2.00
6,Marina,Singapore Flyer,1.28944 103.86311,240,C,LTA,Tuesday,7:00 pm,2.00
6,Marina,Singapore Flyer,1.28944 103.86311,240,C,LTA,Tuesday,8:00 pm,2.00
6,Marina,Singapore Flyer,1.28944 103.86311,240,C,LTA,Tuesday,9:00 pm,2.00
6,Marina,Singapore Flyer,1.28944 103.86311,240,C,LTA,Tuesday,10:00 pm,2.00
6,Marina,Singapore Flyer,1.28944 103.86311,240,C,LTA,Tuesday,11:00 pm,2.00
6,Marina,Singapore Flyer,1.28944 103.86311,240,C,LTA,Wednesday,12:00 am,2.00
6,Marina,Singapore Flyer,1.28944 103.86311,240,C,LTA,Wednesday,1:00 am,2.00
6,Marina,Singapore Flyer,1.28944 103.86311,240,C,LTA,Wednesday,2:00 am,2.00
6,Marina,Singapore Flyer,1.28944 103.86311,240,C,LTA,Wednesday,3:00 am,2.00
6,Marina,Singapore Flyer,1.28944 103.86311,240,C,LTA,Wednesday,4:00 am,2.00
6,Marina,Singapore Flyer,1.28944 103.86311,240,C,LTA,Wednesday,5:00 am,2.00
6,Marina,Singapore Flyer,1.28944 103.86311,240,C,LTA,Wednesday,6:00 am,2.00
6,Marina,Singapore Flyer,1.28944 103.86311,240,C,LTA,Wednesday,7:00 am,2.00
6,Marina,Singapore Flyer,1.28944 103.86311,240,C,LTA,Wednesday,8:00 am,2.00
6,Marina,Singapore Flyer,1.28944 103.86311,240,C,LTA,Wednesday,9:00 am,2.00
6,Marina,Singapore Flyer,1.28944 103.86311,240,C,LTA,Wednesday,10:00 am,2.00
6,Marina,Singapore Flyer,1.28944 103.86311,240,C,LTA,Wednesday,11:00 am,2.00
6,Marina,Singapore Flyer,1.28944 103.86311,240,C,LTA,Wednesday,12:00 pm,2.00
6,Marina,Singapore Flyer,1.28944 103.86311,240,C,LTA,Wednesday,1:00 pm,2.00
6,Marina,Singapore Flyer,1.28944 103.86311,240,C,LTA,Wednesday,2:00 pm,2.00
6,Marina,Singapore Flyer,1.28944 103.86311,240,C,LTA,Wednesday,3:00 pm,2.00
6,Marina,Singapore Flyer,1.28944 103.86311,240,C,LTA,Wednesday,4:00 pm,2.00
6,Marina,Singapore Flyer,1.28944 103.86311,240,C,LTA,Wednesday,5:00 pm,2.00
6,Marina,Singapore Flyer,1.28944 103.86311,240,C,LTA,Wednesday,6:00 pm,2.00
6,Marina,Singapore Flyer,1.28944 103.86311,240,C,LTA,Wednesday,7:00 pm,2.00
6,Marina,Singapore Flyer,1.28944 103.86311,240,C,LTA,Wednesday,8:00 pm,2.00
6,Marina,Singapore Flyer,1.28944 103.86311,240,C,LTA,Wednesday,9:00 pm,2.00
6,Marina,Singapore Flyer,1.28944 103.86311,240,C,LTA,Wednesday,10:00 pm,2.00
6,Marina,Singapore Flyer,1.28944 103.86311,240,C,LTA,Wednesday,11:00 pm,2.00
6,Marina,Singapore Flyer,1.28944 103.86311,240,C,LTA,Thursday,12:00 am,2.00
6,Marina,Singapore Flyer,1.28944 103.86311,240,C,LTA,Thursday,1:00 am,2.00
6,Marina,Singapore Flyer,1.28944 103.86311,240,C,LTA,Thursday,2:00 am,2.00
6,Marina,Singapore Flyer,1.28944 103.86311,240,C,LTA,Thursday,3:00 am,2.00
6,Marina,Singapore Flyer,1.28944 103.86311,240,C,LTA,Thursday,4:00 am,2.00
6,Marina,Singapore Flyer,1.28944 103.86311,240,C,LTA,Thursday,5:00 am,2.00
6,Marina,Singapore Flyer,1.28944 103.86311,240,C,LTA,Thursday,6:00 am,2.00
6,Marina,Singapore Flyer,1.28944 103.86311,240,C,LTA,Thursday,7:00 am,2.00
6,Marina,Singapore Flyer,1.28944 103.86311,240,C,LTA,Thursday,8:00 am,2.00
6,Marina,Singapore Flyer,1.28944 103.86311,240,C,LTA,Thursday,9:00 am,2.00
6,Marina,Singapore Flyer,1.28944 103.86311,240,C,LTA,Thursday,10:00 am,2.00
6,Marina,Singapore Flyer,1.28944 103.86311,240,C,LTA,Thursday,11:00 am,2.00
6,Marina,Singapore Flyer,1.28944 103.86311,240,C,LTA,Thursday,12:00 pm,2.00
6,Marina,Singapore Flyer,1.28944 103.86311,240,C,LTA,Thursday,1:00 pm,2.00
6,Marina,Singapore Flyer,1.28944 103.86311,240,C,LTA,Thursday,2:00 pm,2.00
6,Marina,Singapore Flyer,1.28944 103.86311,240,C,LTA,Thursday,3:00 pm,2.00
6,Marina,Singapore Flyer,1.28944 103.86311,240,C,LTA,Thursday,4:00 pm,2.00
6,Marina,Singapore Flyer,1.28944 103.86311,240,C,LTA,Thursday,5:00 pm,2.00
6,Marina,Singapore Flyer,1.28944 103.86311,240,C,LTA,Thursday,6:00 pm,2.00
6,Marina,Singapore Flyer,1.28944 103.86311,240,C,LTA,Thursday,7:00 pm,2.00
6,Marina,Singapore Flyer,1.28944 103.86311,240,C,LTA,Thursday,8:00 pm,2.00
6,Marina,Singapore Flyer,1.28944 103.86311,240,C,LTA,Thursday,9:00 pm,2.00
6,Marina,Singapore Flyer,1.28944 103.86311,240,C,LTA,Thursday,10:00 pm,2.00
6,Marina,Singapore Flyer,1.28944 103.86311,240,C,LTA,Thursday,11:00 pm,2.00
6,Marina,Singapore Flyer,1.28944 103.86311,240,C,LTA,Friday,12:00 am,2.00
6,Marina,Singapore Flyer,1.28944 103.86311,240,C,LTA,Friday,1:00 am,2.00
6,Marina,Singapore Flyer,1.28944 103.86311,240,C,LTA,Friday,2:00 am,2.00
6,Marina,Singapore Flyer,1.28944 103.86311,240,C,LTA,Friday,3:00 am,2.00
6,Marina,Singapore Flyer,1.28944 103.86311,240,C,LTA,Friday,4:00 am,2.00
6,Marina,Singapore Flyer,1.28944 103.86311,240,C,LTA,Friday,5:00 am,2.00
6,Marina,Singapore Flyer,1.28944 103.86311,240,C,LTA,Friday,6:00 am,2.00
6,Marina,Singapore Flyer,1.28944 103.86311,240,C,LTA,Friday,7:00 am,2.00
6,Marina,Singapore Flyer,1.28944 103.86311,240,C,LTA,Friday,8:00 am,2.00
6,Marina,Singapore Flyer,1.28944 103.86311,240,C,LTA,Friday,9:00 am,2.00
6,Marina,Singapore Flyer,1.28944 103.86311,240,C,LTA,Friday,10:00 am,2.00
6,Marina,Singapore Flyer,1.28944 103.86311,240,C,LTA,Friday,11:00 am,2.00
6,Marina,Singapore Flyer,1.28944 103.86311,240,C,LTA,Friday,12:00 pm,2.00
6,Marina,Singapore Flyer,1.28944 103.86311,240,C,LTA,Friday,1:00 pm,2.00
6,Marina,Singapore Flyer,1.28944 103.86311,240,C,LTA,Friday,2:00 pm,2.00
6,Marina,Singapore Flyer,1.28944 103.86311,240,C,LTA,Friday,3:00 pm,2.00
6,Marina,Singapore Flyer,1.28944 103.86311,240,C,LTA,Friday,4:00 pm,2.00
6,Marina,Singapore Flyer,1.28944 103.86311,240,C,LTA,Friday,5:00 pm,2.00
6,Marina,Singapore Flyer,1.28944 103.86311,240,C,LTA,Friday,6:00 pm,2.00
6,Marina,Singapore Flyer,1.28944 103.86311,240,C,LTA,Friday,7:00 pm,2.00
6,Marina,Singapore Flyer,1.28944 103.86311,240,C,LTA,Friday,8:00 pm,2.00
6,Marina,Singapore Flyer,1.28944 103.86311,240,C,LTA,Friday,9:00 pm,2.00
6,Marina,Singapore Flyer,1.28944 103.86311,240,C,LTA,Friday,10:00 pm,2.00
6,Marina,Singapore Flyer,1.28944 103.86311,240,C,LTA,Friday,11:00 pm,2.00
6,Marina,Singapore Flyer,1.28944 103.86311,240,C,LTA,Saturday,12:00 am,2.00
6,Marina,Singapore Flyer,1.28944 103.86311,240,C,LTA,Saturday,1:00 am,2.00
6,Marina,Singapore Flyer,1.28944 103.86311,240,C,LTA,Saturday,2:00 am,2.00
6,Marina,Singapore Flyer,1.28944 103.86311,240,C,LTA,Saturday,3:00 am,2.00
6,Marina,Singapore Flyer,1.28944 103.86311,240,C,LTA,Saturday,4:00 am,2.00
6,Marina,Singapore Flyer,1.28944 103.86311,240,C,LTA,Saturday,5:00 am,2.00
6,Marina,Singapore Flyer,1.28944 103.86311,240,C,LTA,Saturday,6:00 am,2.00
6,Marina,Singapore Flyer,1.28944 103.86311,240,C,LTA,Saturday,7:00 am,2.00
6,Marina,Singapore Flyer,1.28944 103.86311,240,C,LTA,Saturday,8:00 am,2.00
6,Marina,Singapore Flyer,1.28944 103.86311,240,C,LTA,Saturday,9:00 am,2.00
6,Marina,Singapore Flyer,1.28944 103.86311,240,C,LTA,Saturday,10:00 am,2.00
6,Marina,Singapore Flyer,1.28944 103.86311,240,C,LTA,Saturday,11:00 am,2.00
6,Marina,Singapore Flyer,1.28944 103.86311,240,C,LTA,Saturday,12:00 pm,2.00
6,Marina,Singapore Flyer,1.28944 103.86311,240,C,LTA,Saturday,1:00 pm,2.00
6,Marina,Singapore Flyer,1.28944 103.86311,240,C,LTA,Saturday,2:00 pm,2.00
6,Marina,Singapore Flyer,1.28944 103.86311,240,C,LTA,Saturday,3:00 pm,2.00
6,Marina,Singapore Flyer,1.28944 103.86311,240,C,LTA,Saturday,4:00 pm,2.00
6,Marina,Singapore Flyer,1.28944 103.86311,240,C,LTA,Saturday,5:00 pm,2.00
6,Marina,Singapore Flyer,1.28944 103.86311,240,C,LTA,Saturday,6:00 pm,2.00
6,Marina,Singapore Flyer,1.28944 103.86311,240,C,LTA,Saturday,7:00 pm,2.00
6,Marina,Singapore Flyer,1.28944 103.86311,240,C,LTA,Saturday,8:00 pm,2.00
6,Marina,Singapore Flyer,1.28944 103.86311,240,C,LTA,Saturday,9:00 pm,2.00
6,Marina,Singapore Flyer,1.28944 103.86311,240,C,LTA,Saturday,10:00 pm,2.00
6,Marina,Singapore Flyer,1.28944 103.86311,240,C,LTA,Saturday,11:00 pm,2.00
6,Marina,Singapore Flyer,1.28944 103.86311,240,C,LTA,Sunday,12:00 am,2.00
6,Marina,Singapore Flyer,1.28944 103.86311,240,C,LTA,Sunday,1:00 am,2.00
6,Marina,Singapore Flyer,1.28944 103.86311,240,C,LTA,Sunday,2:00 am,2.00
6,Marina,Singapore Flyer,1.28944 103.86311,240,C,LTA,Sunday,3:00 am,2.00
6,Marina,Singapore Flyer,1.28944 103.86311,240,C,LTA,Sunday,4:00 am,2.00
6,Marina,Singapore Flyer,1.28944 103.86311,240,C,LTA,Sunday,5:00 am,2.00
6,Marina,Singapore Flyer,1.28944 103.86311,240,C,LTA,Sunday,6:00 am,2.00
6,Marina,Singapore Flyer,1.28944 103.86311,240,C,LTA,Sunday,7:00 am,2.00
6,Marina,Singapore Flyer,1.28944 103.86311,240,C,LTA,Sunday,8:00 am,2.00
6,Marina,Singapore Flyer,1.28944 103.86311,240,C,LTA,Sunday,9:00 am,2.00
6,Marina,Singapore Flyer,1.28944 103.86311,240,C,LTA,Sunday,10:00 am,2.00
6,Marina,Singapore Flyer,1.28944 103.86311,240,C,LTA,Sunday,11:00 am,2.00
6,Marina,Singapore Flyer,1.28944 103.86311,240,C,LTA,Sunday,12:00 pm,2.00
6,Marina,Singapore Flyer,1.28944 103.86311,240,C,LTA,Sunday,1:00 pm,2.00
6,Marina,Singapore Flyer,1.28944 103.86311,240,C,LTA,Sunday,2:00 pm,2.00
6,Marina,Singapore Flyer,1.28944 103.86311,240,C,LTA,Sunday,3:00 pm,2.00
6,Marina,Singapore Flyer,1.28944 103.86311,240,C,LTA,Sunday,4:00 pm,2.00
6,Marina,Singapore Flyer,1.28944 103.86311,240,C,LTA,Sunday,5:00 pm,2.00
6,Marina,Singapore Flyer,1.28944 103.86311,240,C,LTA,Sunday,6:00 pm,2.00
6,Marina,Singapore Flyer,1.28944 103.86311,240,C,LTA,Sunday,7:00 pm,2.00
6,Marina,Singapore Flyer,1.28944 103.86311,240,C,LTA,Sunday,8:00 pm,2.00
6,Marina,Singapore Flyer,1.28944 103.86311,240,C,LTA,Sunday,9:00 pm,2.00
6,Marina,Singapore Flyer,1.28944 103.86311,240,C,LTA,Sunday,10:00 pm,2.00
6,Marina,Singapore Flyer,1.28944 103.86311,240,C,LTA,Sunday,11:00 pm,2.00
